probe_row,identity,true_db_idx,top1_db_idx,top1_identity,top1_similarity,true_similarity,rank1_correct,accepted,correct_accept,false_reject,misidentified,misaccept,model_name,model_short_name
0,Abdullah Gul,0,0,Abdullah Gul,0.39000022,0.39000022,True,True,True,False,False,False,minchul/cvlface_adaface_ir50_webface4m,adaface_ir50_wf4m
1,Abdullah Gul,0,0,Abdullah Gul,0.45537645,0.45537645,True,True,True,False,False,False,minchul/cvlface_adaface_ir50_webface4m,adaface_ir50_wf4m
2,Abdullah Gul,0,0,Abdullah Gul,0.41966942,0.41966942,True,True,True,False,False,False,minchul/cvlface_adaface_ir50_webface4m,adaface_ir50_wf4m
3,Abdullah Gul,0,0,Abdullah Gul,0.5301417,0.5301417,True,True,True,False,False,False,minchul/cvlface_adaface_ir50_webface4m,adaface_ir50_wf4m
4,Abdullah Gul,0,0,Abdullah Gul,0.5943666,0.5943666,True,True,True,False,False,False,minchul/cvlface_adaface_ir50_webface4m,adaface_ir50_wf4m
5,Abdullah Gul,0,4,Ben Affleck,0.25261483,0.21546236,False,False,False,True,True,False,minchul/cvlface_adaface_ir50_webface4m,adaface_ir50_wf4m
6,Abdullah Gul,0,68,Pierce Brosnan,0.23492326,0.22985467,False,False,False,True,True,False,minchul/cvlface_adaface_ir50_webface4m,adaface_ir50_wf4m
7,Abdullah Gul,0,4,Ben Affleck,0.22951145,0.22113092,False,False,False,True,True,False,minchul/cvlface_adaface_ir50_webface4m,adaface_ir50_wf4m
8,Ciro Gomes,15,15,Ciro Gomes,0.55733967,0.55733967,True,True,True,False,False,False,minchul/cvlface_adaface_ir50_webface4m,adaface_ir50_wf4m
9,Ciro Gomes,15,15,Ciro Gomes,0.55298406,0.55298406,True,True,True,False,False,False,minchul/cvlface_adaface_ir50_webface4m,adaface_ir50_wf4m
10,Ciro Gomes,15,15,Ciro Gomes,0.6440592,0.6440592,True,True,True,False,False,False,minchul/cvlface_adaface_ir50_webface4m,adaface_ir50_wf4m
11,Ciro Gomes,15,15,Ciro Gomes,0.4715958,0.4715958,True,True,True,False,False,False,minchul/cvlface_adaface_ir50_webface4m,adaface_ir50_wf4m
12,Ricardo Sanchez,72,72,Ricardo Sanchez,0.49636036,0.49636036,True,True,True,False,False,False,minchul/cvlface_adaface_ir50_webface4m,adaface_ir50_wf4m
13,Ricardo Sanchez,72,72,Ricardo Sanchez,0.37964597,0.37964597,True,True,True,False,False,False,minchul/cvlface_adaface_ir50_webface4m,adaface_ir50_wf4m
14,Ricardo Sanchez,72,72,Ricardo Sanchez,0.5503295,0.5503295,True,True,True,False,False,False,minchul/cvlface_adaface_ir50_webface4m,adaface_ir50_wf4m
15,Ricardo Sanchez,72,72,Ricardo Sanchez,0.55431193,0.55431193,True,True,True,False,False,False,minchul/cvlface_adaface_ir50_webface4m,adaface_ir50_wf4m
16,Ricardo Sanchez,72,72,Ricardo Sanchez,0.6640891,0.6640891,True,True,True,False,False,False,minchul/cvlface_adaface_ir50_webface4m,adaface_ir50_wf4m
17,Roger Moore,76,76,Roger Moore,0.5793254,0.5793254,True,True,True,False,False,False,minchul/cvlface_adaface_ir50_webface4m,adaface_ir50_wf4m
18,Roger Moore,76,76,Roger Moore,0.56659627,0.56659627,True,True,True,False,False,False,minchul/cvlface_adaface_ir50_webface4m,adaface_ir50_wf4m
19,Roger Moore,76,76,Roger Moore,0.3586957,0.3586957,True,True,True,False,False,False,minchul/cvlface_adaface_ir50_webface4m,adaface_ir50_wf4m
20,Roger Moore,76,76,Roger Moore,0.5830659,0.5830659,True,True,True,False,False,False,minchul/cvlface_adaface_ir50_webface4m,adaface_ir50_wf4m
21,Edmund Stoiber,21,21,Edmund Stoiber,0.31336617,0.31336617,True,True,True,False,False,False,minchul/cvlface_adaface_ir50_webface4m,adaface_ir50_wf4m
22,Edmund Stoiber,21,21,Edmund Stoiber,0.4871263,0.4871263,True,True,True,False,False,False,minchul/cvlface_adaface_ir50_webface4m,adaface_ir50_wf4m
23,Edmund Stoiber,21,21,Edmund Stoiber,0.44146663,0.44146663,True,True,True,False,False,False,minchul/cvlface_adaface_ir50_webface4m,adaface_ir50_wf4m
24,Edmund Stoiber,21,21,Edmund Stoiber,0.3348653,0.3348653,True,True,True,False,False,False,minchul/cvlface_adaface_ir50_webface4m,adaface_ir50_wf4m
25,Edmund Stoiber,21,21,Edmund Stoiber,0.45914578,0.45914578,True,True,True,False,False,False,minchul/cvlface_adaface_ir50_webface4m,adaface_ir50_wf4m
26,Edmund Stoiber,21,21,Edmund Stoiber,0.2574157,0.2574157,True,False,False,True,False,False,minchul/cvlface_adaface_ir50_webface4m,adaface_ir50_wf4m
27,Edmund Stoiber,21,21,Edmund Stoiber,0.22657295,0.22657295,True,False,False,True,False,False,minchul/cvlface_adaface_ir50_webface4m,adaface_ir50_wf4m
28,Edmund Stoiber,21,21,Edmund Stoiber,0.33589065,0.33589065,True,True,True,False,False,False,minchul/cvlface_adaface_ir50_webface4m,adaface_ir50_wf4m
29,Carmen Electra,12,12,Carmen Electra,0.44498086,0.44498086,True,True,True,False,False,False,minchul/cvlface_adaface_ir50_webface4m,adaface_ir50_wf4m
30,Carmen Electra,12,12,Carmen Electra,0.65911615,0.65911615,True,True,True,False,False,False,minchul/cvlface_adaface_ir50_webface4m,adaface_ir50_wf4m
31,Carmen Electra,12,12,Carmen Electra,0.5445458,0.5445458,True,True,True,False,False,False,minchul/cvlface_adaface_ir50_webface4m,adaface_ir50_wf4m
32,Carmen Electra,12,12,Carmen Electra,0.6302235,0.6302235,True,True,True,False,False,False,minchul/cvlface_adaface_ir50_webface4m,adaface_ir50_wf4m
33,Carmen Electra,12,12,Carmen Electra,0.65293324,0.65293324,True,True,True,False,False,False,minchul/cvlface_adaface_ir50_webface4m,adaface_ir50_wf4m
34,Tung Chee-hwa,92,92,Tung Chee-hwa,0.42731595,0.42731595,True,True,True,False,False,False,minchul/cvlface_adaface_ir50_webface4m,adaface_ir50_wf4m
35,Tung Chee-hwa,92,92,Tung Chee-hwa,0.568824,0.568824,True,True,True,False,False,False,minchul/cvlface_adaface_ir50_webface4m,adaface_ir50_wf4m
36,Tung Chee-hwa,92,92,Tung Chee-hwa,0.5648559,0.5648559,True,True,True,False,False,False,minchul/cvlface_adaface_ir50_webface4m,adaface_ir50_wf4m
37,Tung Chee-hwa,92,92,Tung Chee-hwa,0.69558966,0.69558966,True,True,True,False,False,False,minchul/cvlface_adaface_ir50_webface4m,adaface_ir50_wf4m
38,Tung Chee-hwa,92,92,Tung Chee-hwa,0.5466513,0.5466513,True,True,True,False,False,False,minchul/cvlface_adaface_ir50_webface4m,adaface_ir50_wf4m
39,Tung Chee-hwa,92,92,Tung Chee-hwa,0.34218803,0.34218803,True,True,True,False,False,False,minchul/cvlface_adaface_ir50_webface4m,adaface_ir50_wf4m
40,Tung Chee-hwa,92,92,Tung Chee-hwa,0.24523577,0.24523577,True,False,False,True,False,False,minchul/cvlface_adaface_ir50_webface4m,adaface_ir50_wf4m
41,Tung Chee-hwa,92,92,Tung Chee-hwa,0.48745036,0.48745036,True,True,True,False,False,False,minchul/cvlface_adaface_ir50_webface4m,adaface_ir50_wf4m
42,Woody Allen,96,96,Woody Allen,0.5609617,0.5609617,True,True,True,False,False,False,minchul/cvlface_adaface_ir50_webface4m,adaface_ir50_wf4m
43,Woody Allen,96,96,Woody Allen,0.49007976,0.49007976,True,True,True,False,False,False,minchul/cvlface_adaface_ir50_webface4m,adaface_ir50_wf4m
44,Woody Allen,96,30,Ian Thorpe,0.25619483,0.1954216,False,False,False,True,True,False,minchul/cvlface_adaface_ir50_webface4m,adaface_ir50_wf4m
45,Woody Allen,96,96,Woody Allen,0.2756407,0.2756407,True,True,True,False,False,False,minchul/cvlface_adaface_ir50_webface4m,adaface_ir50_wf4m
46,Kim Dae-jung,46,46,Kim Dae-jung,0.4634046,0.4634046,True,True,True,False,False,False,minchul/cvlface_adaface_ir50_webface4m,adaface_ir50_wf4m
47,Kim Dae-jung,46,46,Kim Dae-jung,0.4447525,0.4447525,True,True,True,False,False,False,minchul/cvlface_adaface_ir50_webface4m,adaface_ir50_wf4m
48,Kim Dae-jung,46,46,Kim Dae-jung,0.5391542,0.5391542,True,True,True,False,False,False,minchul/cvlface_adaface_ir50_webface4m,adaface_ir50_wf4m
49,Kim Dae-jung,46,46,Kim Dae-jung,0.5628437,0.5628437,True,True,True,False,False,False,minchul/cvlface_adaface_ir50_webface4m,adaface_ir50_wf4m
50,Kim Dae-jung,46,46,Kim Dae-jung,0.4660673,0.4660673,True,True,True,False,False,False,minchul/cvlface_adaface_ir50_webface4m,adaface_ir50_wf4m
51,Kim Dae-jung,46,46,Kim Dae-jung,0.32757723,0.32757723,True,True,True,False,False,False,minchul/cvlface_adaface_ir50_webface4m,adaface_ir50_wf4m
52,Kim Dae-jung,46,46,Kim Dae-jung,0.48094046,0.48094046,True,True,True,False,False,False,minchul/cvlface_adaface_ir50_webface4m,adaface_ir50_wf4m
53,Lleyton Hewitt,51,51,Lleyton Hewitt,0.4422543,0.4422543,True,True,True,False,False,False,minchul/cvlface_adaface_ir50_webface4m,adaface_ir50_wf4m
54,Lleyton Hewitt,51,51,Lleyton Hewitt,0.3972374,0.3972374,True,True,True,False,False,False,minchul/cvlface_adaface_ir50_webface4m,adaface_ir50_wf4m
55,Lleyton Hewitt,51,51,Lleyton Hewitt,0.5660041,0.5660041,True,True,True,False,False,False,minchul/cvlface_adaface_ir50_webface4m,adaface_ir50_wf4m
56,Lleyton Hewitt,51,51,Lleyton Hewitt,0.5071987,0.5071987,True,True,True,False,False,False,minchul/cvlface_adaface_ir50_webface4m,adaface_ir50_wf4m
57,Lleyton Hewitt,51,51,Lleyton Hewitt,0.3286298,0.3286298,True,True,True,False,False,False,minchul/cvlface_adaface_ir50_webface4m,adaface_ir50_wf4m
58,Lleyton Hewitt,51,51,Lleyton Hewitt,0.5957442,0.5957442,True,True,True,False,False,False,minchul/cvlface_adaface_ir50_webface4m,adaface_ir50_wf4m
59,Lleyton Hewitt,51,51,Lleyton Hewitt,0.44852507,0.44852507,True,True,True,False,False,False,minchul/cvlface_adaface_ir50_webface4m,adaface_ir50_wf4m
60,Lleyton Hewitt,51,51,Lleyton Hewitt,0.42619795,0.42619795,True,True,True,False,False,False,minchul/cvlface_adaface_ir50_webface4m,adaface_ir50_wf4m
61,Ben Affleck,4,80,Scott Peterson,0.2933258,0.2636844,False,True,False,False,True,True,minchul/cvlface_adaface_ir50_webface4m,adaface_ir50_wf4m
62,Ben Affleck,4,4,Ben Affleck,0.25253612,0.25253612,True,False,False,True,False,False,minchul/cvlface_adaface_ir50_webface4m,adaface_ir50_wf4m
63,Ben Affleck,4,4,Ben Affleck,0.5153311,0.5153311,True,True,True,False,False,False,minchul/cvlface_adaface_ir50_webface4m,adaface_ir50_wf4m
64,Ben Affleck,4,4,Ben Affleck,0.5757929,0.5757929,True,True,True,False,False,False,minchul/cvlface_adaface_ir50_webface4m,adaface_ir50_wf4m
65,Ben Affleck,4,8,Brad Johnson,0.28045338,0.14673054,False,True,False,False,True,True,minchul/cvlface_adaface_ir50_webface4m,adaface_ir50_wf4m
66,Ben Affleck,4,4,Ben Affleck,0.37084764,0.37084764,True,True,True,False,False,False,minchul/cvlface_adaface_ir50_webface4m,adaface_ir50_wf4m
67,Jeremy Greenstock,35,35,Jeremy Greenstock,0.67336464,0.67336464,True,True,True,False,False,False,minchul/cvlface_adaface_ir50_webface4m,adaface_ir50_wf4m
68,Jeremy Greenstock,35,35,Jeremy Greenstock,0.3802787,0.3802787,True,True,True,False,False,False,minchul/cvlface_adaface_ir50_webface4m,adaface_ir50_wf4m
69,Jeremy Greenstock,35,35,Jeremy Greenstock,0.6881695,0.6881695,True,True,True,False,False,False,minchul/cvlface_adaface_ir50_webface4m,adaface_ir50_wf4m
70,Jeremy Greenstock,35,35,Jeremy Greenstock,0.39389196,0.39389196,True,True,True,False,False,False,minchul/cvlface_adaface_ir50_webface4m,adaface_ir50_wf4m
71,Jeremy Greenstock,35,35,Jeremy Greenstock,0.48163646,0.48163646,True,True,True,False,False,False,minchul/cvlface_adaface_ir50_webface4m,adaface_ir50_wf4m
72,Jeremy Greenstock,35,35,Jeremy Greenstock,0.5119014,0.5119014,True,True,True,False,False,False,minchul/cvlface_adaface_ir50_webface4m,adaface_ir50_wf4m
73,Jeremy Greenstock,35,35,Jeremy Greenstock,0.48225182,0.48225182,True,True,True,False,False,False,minchul/cvlface_adaface_ir50_webface4m,adaface_ir50_wf4m
74,Jeremy Greenstock,35,65,Paul Wolfowitz,0.34596062,0.2920876,False,True,False,False,True,True,minchul/cvlface_adaface_ir50_webface4m,adaface_ir50_wf4m
75,David Anderson,19,19,David Anderson,0.30880058,0.30880058,True,True,True,False,False,False,minchul/cvlface_adaface_ir50_webface4m,adaface_ir50_wf4m
76,David Anderson,19,19,David Anderson,0.34708947,0.34708947,True,True,True,False,False,False,minchul/cvlface_adaface_ir50_webface4m,adaface_ir50_wf4m
77,David Anderson,19,19,David Anderson,0.39010018,0.39010018,True,True,True,False,False,False,minchul/cvlface_adaface_ir50_webface4m,adaface_ir50_wf4m
78,David Anderson,19,19,David Anderson,0.24883012,0.24883012,True,False,False,True,False,False,minchul/cvlface_adaface_ir50_webface4m,adaface_ir50_wf4m
79,John Stockton,39,35,Jeremy Greenstock,0.20023975,0.19784644,False,False,False,True,True,False,minchul/cvlface_adaface_ir50_webface4m,adaface_ir50_wf4m
80,John Stockton,39,39,John Stockton,0.35061878,0.35061878,True,True,True,False,False,False,minchul/cvlface_adaface_ir50_webface4m,adaface_ir50_wf4m
81,John Stockton,39,35,Jeremy Greenstock,0.20594038,0.12787232,False,False,False,True,True,False,minchul/cvlface_adaface_ir50_webface4m,adaface_ir50_wf4m
82,John Stockton,39,87,Tim Henman,0.36190772,0.33825707,False,True,False,False,True,True,minchul/cvlface_adaface_ir50_webface4m,adaface_ir50_wf4m
83,Zhu Rongji,99,99,Zhu Rongji,0.4486946,0.4486946,True,True,True,False,False,False,minchul/cvlface_adaface_ir50_webface4m,adaface_ir50_wf4m
84,Zhu Rongji,99,99,Zhu Rongji,0.67401433,0.67401433,True,True,True,False,False,False,minchul/cvlface_adaface_ir50_webface4m,adaface_ir50_wf4m
85,Zhu Rongji,99,99,Zhu Rongji,0.51541156,0.51541156,True,True,True,False,False,False,minchul/cvlface_adaface_ir50_webface4m,adaface_ir50_wf4m
86,Zhu Rongji,99,99,Zhu Rongji,0.58973986,0.58973986,True,True,True,False,False,False,minchul/cvlface_adaface_ir50_webface4m,adaface_ir50_wf4m
87,Zhu Rongji,99,99,Zhu Rongji,0.45730552,0.45730552,True,True,True,False,False,False,minchul/cvlface_adaface_ir50_webface4m,adaface_ir50_wf4m
88,Zhu Rongji,99,99,Zhu Rongji,0.51851773,0.51851773,True,True,True,False,False,False,minchul/cvlface_adaface_ir50_webface4m,adaface_ir50_wf4m
89,Zhu Rongji,99,99,Zhu Rongji,0.6186106,0.6186106,True,True,True,False,False,False,minchul/cvlface_adaface_ir50_webface4m,adaface_ir50_wf4m
90,Zhu Rongji,99,99,Zhu Rongji,0.62693423,0.62693423,True,True,True,False,False,False,minchul/cvlface_adaface_ir50_webface4m,adaface_ir50_wf4m
91,Mahmoud Abbas,53,53,Mahmoud Abbas,0.47520378,0.47520378,True,True,True,False,False,False,minchul/cvlface_adaface_ir50_webface4m,adaface_ir50_wf4m
92,Mahmoud Abbas,53,53,Mahmoud Abbas,0.4219885,0.4219885,True,True,True,False,False,False,minchul/cvlface_adaface_ir50_webface4m,adaface_ir50_wf4m
93,Mahmoud Abbas,53,53,Mahmoud Abbas,0.44461203,0.44461203,True,True,True,False,False,False,minchul/cvlface_adaface_ir50_webface4m,adaface_ir50_wf4m
94,Mahmoud Abbas,53,53,Mahmoud Abbas,0.38935256,0.38935256,True,True,True,False,False,False,minchul/cvlface_adaface_ir50_webface4m,adaface_ir50_wf4m
95,Mahmoud Abbas,53,53,Mahmoud Abbas,0.45804524,0.45804524,True,True,True,False,False,False,minchul/cvlface_adaface_ir50_webface4m,adaface_ir50_wf4m
96,Mahmoud Abbas,53,53,Mahmoud Abbas,0.30179906,0.30179906,True,True,True,False,False,False,minchul/cvlface_adaface_ir50_webface4m,adaface_ir50_wf4m
97,Mahmoud Abbas,53,53,Mahmoud Abbas,0.5258393,0.5258393,True,True,True,False,False,False,minchul/cvlface_adaface_ir50_webface4m,adaface_ir50_wf4m
98,Mahmoud Abbas,53,53,Mahmoud Abbas,0.61319554,0.61319554,True,True,True,False,False,False,minchul/cvlface_adaface_ir50_webface4m,adaface_ir50_wf4m
99,Gloria Macapagal Arroyo,25,52,Madonna,0.30345523,0.17827733,False,True,False,False,True,True,minchul/cvlface_adaface_ir50_webface4m,adaface_ir50_wf4m
100,Gloria Macapagal Arroyo,25,25,Gloria Macapagal Arroyo,0.3162082,0.3162082,True,True,True,False,False,False,minchul/cvlface_adaface_ir50_webface4m,adaface_ir50_wf4m
101,Gloria Macapagal Arroyo,25,25,Gloria Macapagal Arroyo,0.40528902,0.40528902,True,True,True,False,False,False,minchul/cvlface_adaface_ir50_webface4m,adaface_ir50_wf4m
102,Gloria Macapagal Arroyo,25,62,Norah Jones,0.32748622,0.32671016,False,True,False,False,True,True,minchul/cvlface_adaface_ir50_webface4m,adaface_ir50_wf4m
103,Gloria Macapagal Arroyo,25,25,Gloria Macapagal Arroyo,0.28157347,0.28157347,True,True,True,False,False,False,minchul/cvlface_adaface_ir50_webface4m,adaface_ir50_wf4m
104,Gloria Macapagal Arroyo,25,25,Gloria Macapagal Arroyo,0.4497611,0.4497611,True,True,True,False,False,False,minchul/cvlface_adaface_ir50_webface4m,adaface_ir50_wf4m
105,Gloria Macapagal Arroyo,25,25,Gloria Macapagal Arroyo,0.28767294,0.28767294,True,True,True,False,False,False,minchul/cvlface_adaface_ir50_webface4m,adaface_ir50_wf4m
106,Gloria Macapagal Arroyo,25,25,Gloria Macapagal Arroyo,0.44577023,0.44577023,True,True,True,False,False,False,minchul/cvlface_adaface_ir50_webface4m,adaface_ir50_wf4m
107,Steven Spielberg,84,84,Steven Spielberg,0.712337,0.712337,True,True,True,False,False,False,minchul/cvlface_adaface_ir50_webface4m,adaface_ir50_wf4m
108,Steven Spielberg,84,30,Ian Thorpe,0.21164724,0.056353495,False,False,False,True,True,False,minchul/cvlface_adaface_ir50_webface4m,adaface_ir50_wf4m
109,Steven Spielberg,84,84,Steven Spielberg,0.46507138,0.46507138,True,True,True,False,False,False,minchul/cvlface_adaface_ir50_webface4m,adaface_ir50_wf4m
110,Steven Spielberg,84,84,Steven Spielberg,0.78238225,0.78238225,True,True,True,False,False,False,minchul/cvlface_adaface_ir50_webface4m,adaface_ir50_wf4m
111,Steven Spielberg,84,46,Kim Dae-jung,0.16730258,0.103352904,False,False,False,True,True,False,minchul/cvlface_adaface_ir50_webface4m,adaface_ir50_wf4m
112,Steven Spielberg,84,84,Steven Spielberg,0.41880304,0.41880304,True,True,True,False,False,False,minchul/cvlface_adaface_ir50_webface4m,adaface_ir50_wf4m
113,Norm Coleman,63,63,Norm Coleman,0.45550987,0.45550987,True,True,True,False,False,False,minchul/cvlface_adaface_ir50_webface4m,adaface_ir50_wf4m
114,Norm Coleman,63,63,Norm Coleman,0.35913467,0.35913467,True,True,True,False,False,False,minchul/cvlface_adaface_ir50_webface4m,adaface_ir50_wf4m
115,Norm Coleman,63,63,Norm Coleman,0.5317104,0.5317104,True,True,True,False,False,False,minchul/cvlface_adaface_ir50_webface4m,adaface_ir50_wf4m
116,Norm Coleman,63,63,Norm Coleman,0.37119707,0.37119707,True,True,True,False,False,False,minchul/cvlface_adaface_ir50_webface4m,adaface_ir50_wf4m
117,Norm Coleman,63,63,Norm Coleman,0.41730225,0.41730225,True,True,True,False,False,False,minchul/cvlface_adaface_ir50_webface4m,adaface_ir50_wf4m
118,Norm Coleman,63,63,Norm Coleman,0.4392863,0.4392863,True,True,True,False,False,False,minchul/cvlface_adaface_ir50_webface4m,adaface_ir50_wf4m
119,Catherine Zeta-Jones,13,13,Catherine Zeta-Jones,0.5384393,0.5384393,True,True,True,False,False,False,minchul/cvlface_adaface_ir50_webface4m,adaface_ir50_wf4m
120,Catherine Zeta-Jones,13,13,Catherine Zeta-Jones,0.54452914,0.54452914,True,True,True,False,False,False,minchul/cvlface_adaface_ir50_webface4m,adaface_ir50_wf4m
121,Catherine Zeta-Jones,13,13,Catherine Zeta-Jones,0.41984046,0.41984046,True,True,True,False,False,False,minchul/cvlface_adaface_ir50_webface4m,adaface_ir50_wf4m
122,Catherine Zeta-Jones,13,13,Catherine Zeta-Jones,0.56287813,0.56287813,True,True,True,False,False,False,minchul/cvlface_adaface_ir50_webface4m,adaface_ir50_wf4m
123,Catherine Zeta-Jones,13,13,Catherine Zeta-Jones,0.44803545,0.44803545,True,True,True,False,False,False,minchul/cvlface_adaface_ir50_webface4m,adaface_ir50_wf4m
124,Catherine Zeta-Jones,13,85,Susan Sarandon,0.32462353,0.25982937,False,True,False,False,True,True,minchul/cvlface_adaface_ir50_webface4m,adaface_ir50_wf4m
125,Catherine Zeta-Jones,13,85,Susan Sarandon,0.38027048,0.24515295,False,True,False,False,True,True,minchul/cvlface_adaface_ir50_webface4m,adaface_ir50_wf4m
126,Catherine Zeta-Jones,13,13,Catherine Zeta-Jones,0.51988065,0.51988065,True,True,True,False,False,False,minchul/cvlface_adaface_ir50_webface4m,adaface_ir50_wf4m
127,Robert Blake,74,74,Robert Blake,0.6611503,0.6611503,True,True,True,False,False,False,minchul/cvlface_adaface_ir50_webface4m,adaface_ir50_wf4m
128,Robert Blake,74,74,Robert Blake,0.35101178,0.35101178,True,True,True,False,False,False,minchul/cvlface_adaface_ir50_webface4m,adaface_ir50_wf4m
129,Robert Blake,74,74,Robert Blake,0.3130003,0.3130003,True,True,True,False,False,False,minchul/cvlface_adaface_ir50_webface4m,adaface_ir50_wf4m
130,Robert Blake,74,74,Robert Blake,0.33653265,0.33653265,True,True,True,False,False,False,minchul/cvlface_adaface_ir50_webface4m,adaface_ir50_wf4m
131,Robert Blake,74,74,Robert Blake,0.33201057,0.33201057,True,True,True,False,False,False,minchul/cvlface_adaface_ir50_webface4m,adaface_ir50_wf4m
132,Robert Blake,74,74,Robert Blake,0.2835506,0.2835506,True,True,True,False,False,False,minchul/cvlface_adaface_ir50_webface4m,adaface_ir50_wf4m
133,Robert Blake,74,74,Robert Blake,0.507443,0.507443,True,True,True,False,False,False,minchul/cvlface_adaface_ir50_webface4m,adaface_ir50_wf4m
134,Queen Elizabeth II,69,69,Queen Elizabeth II,0.47839576,0.47839576,True,True,True,False,False,False,minchul/cvlface_adaface_ir50_webface4m,adaface_ir50_wf4m
135,Queen Elizabeth II,69,69,Queen Elizabeth II,0.3948092,0.3948092,True,True,True,False,False,False,minchul/cvlface_adaface_ir50_webface4m,adaface_ir50_wf4m
136,Queen Elizabeth II,69,69,Queen Elizabeth II,0.45118684,0.45118684,True,True,True,False,False,False,minchul/cvlface_adaface_ir50_webface4m,adaface_ir50_wf4m
137,Queen Elizabeth II,69,0,Abdullah Gul,0.31013116,0.25882867,False,True,False,False,True,True,minchul/cvlface_adaface_ir50_webface4m,adaface_ir50_wf4m
138,Queen Elizabeth II,69,69,Queen Elizabeth II,0.40394092,0.40394092,True,True,True,False,False,False,minchul/cvlface_adaface_ir50_webface4m,adaface_ir50_wf4m
139,Queen Elizabeth II,69,21,Edmund Stoiber,0.4015459,0.2689472,False,True,False,False,True,True,minchul/cvlface_adaface_ir50_webface4m,adaface_ir50_wf4m
140,Queen Elizabeth II,69,69,Queen Elizabeth II,0.34507388,0.34507388,True,True,True,False,False,False,minchul/cvlface_adaface_ir50_webface4m,adaface_ir50_wf4m
141,Queen Elizabeth II,69,69,Queen Elizabeth II,0.4755658,0.4755658,True,True,True,False,False,False,minchul/cvlface_adaface_ir50_webface4m,adaface_ir50_wf4m
142,Martha Stewart,55,55,Martha Stewart,0.59218466,0.59218466,True,True,True,False,False,False,minchul/cvlface_adaface_ir50_webface4m,adaface_ir50_wf4m
143,Martha Stewart,55,55,Martha Stewart,0.47271198,0.47271198,True,True,True,False,False,False,minchul/cvlface_adaface_ir50_webface4m,adaface_ir50_wf4m
144,Martha Stewart,55,55,Martha Stewart,0.5425701,0.5425701,True,True,True,False,False,False,minchul/cvlface_adaface_ir50_webface4m,adaface_ir50_wf4m
145,Martha Stewart,55,55,Martha Stewart,0.3410567,0.3410567,True,True,True,False,False,False,minchul/cvlface_adaface_ir50_webface4m,adaface_ir50_wf4m
146,Robert Kocharian,75,75,Robert Kocharian,0.6042867,0.6042867,True,True,True,False,False,False,minchul/cvlface_adaface_ir50_webface4m,adaface_ir50_wf4m
147,Robert Kocharian,75,75,Robert Kocharian,0.59772724,0.59772724,True,True,True,False,False,False,minchul/cvlface_adaface_ir50_webface4m,adaface_ir50_wf4m
148,Robert Kocharian,75,75,Robert Kocharian,0.3797878,0.3797878,True,True,True,False,False,False,minchul/cvlface_adaface_ir50_webface4m,adaface_ir50_wf4m
149,Robert Kocharian,75,75,Robert Kocharian,0.45155317,0.45155317,True,True,True,False,False,False,minchul/cvlface_adaface_ir50_webface4m,adaface_ir50_wf4m
150,Scott Peterson,80,80,Scott Peterson,0.46273685,0.46273685,True,True,True,False,False,False,minchul/cvlface_adaface_ir50_webface4m,adaface_ir50_wf4m
151,Scott Peterson,80,80,Scott Peterson,0.2660049,0.2660049,True,True,True,False,False,False,minchul/cvlface_adaface_ir50_webface4m,adaface_ir50_wf4m
152,Scott Peterson,80,80,Scott Peterson,0.4314744,0.4314744,True,True,True,False,False,False,minchul/cvlface_adaface_ir50_webface4m,adaface_ir50_wf4m
153,Scott Peterson,80,80,Scott Peterson,0.5015442,0.5015442,True,True,True,False,False,False,minchul/cvlface_adaface_ir50_webface4m,adaface_ir50_wf4m
154,Ray Romano,70,70,Ray Romano,0.56900656,0.56900656,True,True,True,False,False,False,minchul/cvlface_adaface_ir50_webface4m,adaface_ir50_wf4m
155,Ray Romano,70,70,Ray Romano,0.6139595,0.6139595,True,True,True,False,False,False,minchul/cvlface_adaface_ir50_webface4m,adaface_ir50_wf4m
156,Ray Romano,70,70,Ray Romano,0.57004315,0.57004315,True,True,True,False,False,False,minchul/cvlface_adaface_ir50_webface4m,adaface_ir50_wf4m
157,Ray Romano,70,70,Ray Romano,0.581756,0.581756,True,True,True,False,False,False,minchul/cvlface_adaface_ir50_webface4m,adaface_ir50_wf4m
158,Ray Romano,70,70,Ray Romano,0.5539026,0.5539026,True,True,True,False,False,False,minchul/cvlface_adaface_ir50_webface4m,adaface_ir50_wf4m
159,Ray Romano,70,70,Ray Romano,0.43540406,0.43540406,True,True,True,False,False,False,minchul/cvlface_adaface_ir50_webface4m,adaface_ir50_wf4m
160,Ray Romano,70,70,Ray Romano,0.47297388,0.47297388,True,True,True,False,False,False,minchul/cvlface_adaface_ir50_webface4m,adaface_ir50_wf4m
161,Ray Romano,70,70,Ray Romano,0.678823,0.678823,True,True,True,False,False,False,minchul/cvlface_adaface_ir50_webface4m,adaface_ir50_wf4m
162,Mark Hurlbert,54,54,Mark Hurlbert,0.56997305,0.56997305,True,True,True,False,False,False,minchul/cvlface_adaface_ir50_webface4m,adaface_ir50_wf4m
163,Mark Hurlbert,54,54,Mark Hurlbert,0.40498012,0.40498012,True,True,True,False,False,False,minchul/cvlface_adaface_ir50_webface4m,adaface_ir50_wf4m
164,Mark Hurlbert,54,54,Mark Hurlbert,0.49988627,0.49988627,True,True,True,False,False,False,minchul/cvlface_adaface_ir50_webface4m,adaface_ir50_wf4m
165,Mark Hurlbert,54,54,Mark Hurlbert,0.61842304,0.61842304,True,True,True,False,False,False,minchul/cvlface_adaface_ir50_webface4m,adaface_ir50_wf4m
166,Silvan Shalom,82,82,Silvan Shalom,0.34635493,0.34635493,True,True,True,False,False,False,minchul/cvlface_adaface_ir50_webface4m,adaface_ir50_wf4m
167,Silvan Shalom,82,82,Silvan Shalom,0.34610677,0.34610677,True,True,True,False,False,False,minchul/cvlface_adaface_ir50_webface4m,adaface_ir50_wf4m
168,Silvan Shalom,82,87,Tim Henman,0.19377834,0.18071681,False,False,False,True,True,False,minchul/cvlface_adaface_ir50_webface4m,adaface_ir50_wf4m
169,Silvan Shalom,82,82,Silvan Shalom,0.28560948,0.28560948,True,True,True,False,False,False,minchul/cvlface_adaface_ir50_webface4m,adaface_ir50_wf4m
170,Silvan Shalom,82,82,Silvan Shalom,0.67670053,0.67670053,True,True,True,False,False,False,minchul/cvlface_adaface_ir50_webface4m,adaface_ir50_wf4m
171,Britney Spears,9,27,Heidi Klum,0.19730958,0.19584629,False,False,False,True,True,False,minchul/cvlface_adaface_ir50_webface4m,adaface_ir50_wf4m
172,Britney Spears,9,9,Britney Spears,0.37174797,0.37174797,True,True,True,False,False,False,minchul/cvlface_adaface_ir50_webface4m,adaface_ir50_wf4m
173,Britney Spears,9,9,Britney Spears,0.3709486,0.3709486,True,True,True,False,False,False,minchul/cvlface_adaface_ir50_webface4m,adaface_ir50_wf4m
174,Britney Spears,9,9,Britney Spears,0.34567004,0.34567004,True,True,True,False,False,False,minchul/cvlface_adaface_ir50_webface4m,adaface_ir50_wf4m
175,Britney Spears,9,9,Britney Spears,0.34030008,0.34030008,True,True,True,False,False,False,minchul/cvlface_adaface_ir50_webface4m,adaface_ir50_wf4m
176,Britney Spears,9,9,Britney Spears,0.30022854,0.30022854,True,True,True,False,False,False,minchul/cvlface_adaface_ir50_webface4m,adaface_ir50_wf4m
177,Britney Spears,9,9,Britney Spears,0.38964358,0.38964358,True,True,True,False,False,False,minchul/cvlface_adaface_ir50_webface4m,adaface_ir50_wf4m
178,Britney Spears,9,9,Britney Spears,0.4446767,0.4446767,True,True,True,False,False,False,minchul/cvlface_adaface_ir50_webface4m,adaface_ir50_wf4m
179,Gunter Pleuger,26,26,Gunter Pleuger,0.40330788,0.40330788,True,True,True,False,False,False,minchul/cvlface_adaface_ir50_webface4m,adaface_ir50_wf4m
180,Gunter Pleuger,26,26,Gunter Pleuger,0.40728015,0.40728015,True,True,True,False,False,False,minchul/cvlface_adaface_ir50_webface4m,adaface_ir50_wf4m
181,Gunter Pleuger,26,26,Gunter Pleuger,0.441283,0.441283,True,True,True,False,False,False,minchul/cvlface_adaface_ir50_webface4m,adaface_ir50_wf4m
182,Gunter Pleuger,26,26,Gunter Pleuger,0.57658756,0.57658756,True,True,True,False,False,False,minchul/cvlface_adaface_ir50_webface4m,adaface_ir50_wf4m
183,Gunter Pleuger,26,26,Gunter Pleuger,0.47444248,0.47444248,True,True,True,False,False,False,minchul/cvlface_adaface_ir50_webface4m,adaface_ir50_wf4m
184,Gunter Pleuger,26,26,Gunter Pleuger,0.3713491,0.3713491,True,True,True,False,False,False,minchul/cvlface_adaface_ir50_webface4m,adaface_ir50_wf4m
185,Tom Daschle,89,89,Tom Daschle,0.49307466,0.49307466,True,True,True,False,False,False,minchul/cvlface_adaface_ir50_webface4m,adaface_ir50_wf4m
186,Tom Daschle,89,89,Tom Daschle,0.45687747,0.45687747,True,True,True,False,False,False,minchul/cvlface_adaface_ir50_webface4m,adaface_ir50_wf4m
187,Tom Daschle,89,89,Tom Daschle,0.6469499,0.6469499,True,True,True,False,False,False,minchul/cvlface_adaface_ir50_webface4m,adaface_ir50_wf4m
188,Tom Daschle,89,89,Tom Daschle,0.53203154,0.53203154,True,True,True,False,False,False,minchul/cvlface_adaface_ir50_webface4m,adaface_ir50_wf4m
189,Tom Daschle,89,89,Tom Daschle,0.6063162,0.6063162,True,True,True,False,False,False,minchul/cvlface_adaface_ir50_webface4m,adaface_ir50_wf4m
190,Tom Daschle,89,89,Tom Daschle,0.4887349,0.4887349,True,True,True,False,False,False,minchul/cvlface_adaface_ir50_webface4m,adaface_ir50_wf4m
191,Tom Daschle,89,89,Tom Daschle,0.3546357,0.3546357,True,True,True,False,False,False,minchul/cvlface_adaface_ir50_webface4m,adaface_ir50_wf4m
192,Tom Daschle,89,89,Tom Daschle,0.5938287,0.5938287,True,True,True,False,False,False,minchul/cvlface_adaface_ir50_webface4m,adaface_ir50_wf4m
193,Ian Thorpe,30,30,Ian Thorpe,0.44044715,0.44044715,True,True,True,False,False,False,minchul/cvlface_adaface_ir50_webface4m,adaface_ir50_wf4m
194,Ian Thorpe,30,30,Ian Thorpe,0.5268651,0.5268651,True,True,True,False,False,False,minchul/cvlface_adaface_ir50_webface4m,adaface_ir50_wf4m
195,Ian Thorpe,30,30,Ian Thorpe,0.44300106,0.44300106,True,True,True,False,False,False,minchul/cvlface_adaface_ir50_webface4m,adaface_ir50_wf4m
196,Ian Thorpe,30,30,Ian Thorpe,0.33181295,0.33181295,True,True,True,False,False,False,minchul/cvlface_adaface_ir50_webface4m,adaface_ir50_wf4m
197,Ian Thorpe,30,30,Ian Thorpe,0.42368948,0.42368948,True,True,True,False,False,False,minchul/cvlface_adaface_ir50_webface4m,adaface_ir50_wf4m
198,Ian Thorpe,30,30,Ian Thorpe,0.49228925,0.49228925,True,True,True,False,False,False,minchul/cvlface_adaface_ir50_webface4m,adaface_ir50_wf4m
199,Ian Thorpe,30,30,Ian Thorpe,0.46364194,0.46364194,True,True,True,False,False,False,minchul/cvlface_adaface_ir50_webface4m,adaface_ir50_wf4m
200,Ian Thorpe,30,30,Ian Thorpe,0.475841,0.475841,True,True,True,False,False,False,minchul/cvlface_adaface_ir50_webface4m,adaface_ir50_wf4m
201,Tommy Haas,90,90,Tommy Haas,0.36551446,0.36551446,True,True,True,False,False,False,minchul/cvlface_adaface_ir50_webface4m,adaface_ir50_wf4m
202,Tommy Haas,90,39,John Stockton,0.2884276,0.09141177,False,True,False,False,True,True,minchul/cvlface_adaface_ir50_webface4m,adaface_ir50_wf4m
203,Tommy Haas,90,90,Tommy Haas,0.4681877,0.4681877,True,True,True,False,False,False,minchul/cvlface_adaface_ir50_webface4m,adaface_ir50_wf4m
204,Tommy Haas,90,90,Tommy Haas,0.362134,0.362134,True,True,True,False,False,False,minchul/cvlface_adaface_ir50_webface4m,adaface_ir50_wf4m
205,Tommy Haas,90,90,Tommy Haas,0.62162006,0.62162006,True,True,True,False,False,False,minchul/cvlface_adaface_ir50_webface4m,adaface_ir50_wf4m
206,John Allen Muhammad,38,38,John Allen Muhammad,0.6795821,0.6795821,True,True,True,False,False,False,minchul/cvlface_adaface_ir50_webface4m,adaface_ir50_wf4m
207,John Allen Muhammad,38,38,John Allen Muhammad,0.657928,0.657928,True,True,True,False,False,False,minchul/cvlface_adaface_ir50_webface4m,adaface_ir50_wf4m
208,John Allen Muhammad,38,38,John Allen Muhammad,0.7416018,0.7416018,True,True,True,False,False,False,minchul/cvlface_adaface_ir50_webface4m,adaface_ir50_wf4m
209,John Allen Muhammad,38,38,John Allen Muhammad,0.5761094,0.5761094,True,True,True,False,False,False,minchul/cvlface_adaface_ir50_webface4m,adaface_ir50_wf4m
210,John Allen Muhammad,38,38,John Allen Muhammad,0.6029051,0.6029051,True,True,True,False,False,False,minchul/cvlface_adaface_ir50_webface4m,adaface_ir50_wf4m
211,John Allen Muhammad,38,38,John Allen Muhammad,0.82984066,0.82984066,True,True,True,False,False,False,minchul/cvlface_adaface_ir50_webface4m,adaface_ir50_wf4m
212,John Allen Muhammad,38,38,John Allen Muhammad,0.7174079,0.7174079,True,True,True,False,False,False,minchul/cvlface_adaface_ir50_webface4m,adaface_ir50_wf4m
213,John Allen Muhammad,38,38,John Allen Muhammad,0.67529374,0.67529374,True,True,True,False,False,False,minchul/cvlface_adaface_ir50_webface4m,adaface_ir50_wf4m
214,Ari Fleischer,3,3,Ari Fleischer,0.48735362,0.48735362,True,True,True,False,False,False,minchul/cvlface_adaface_ir50_webface4m,adaface_ir50_wf4m
215,Ari Fleischer,3,3,Ari Fleischer,0.65701437,0.65701437,True,True,True,False,False,False,minchul/cvlface_adaface_ir50_webface4m,adaface_ir50_wf4m
216,Ari Fleischer,3,3,Ari Fleischer,0.5392133,0.5392133,True,True,True,False,False,False,minchul/cvlface_adaface_ir50_webface4m,adaface_ir50_wf4m
217,Ari Fleischer,3,3,Ari Fleischer,0.7121355,0.7121355,True,True,True,False,False,False,minchul/cvlface_adaface_ir50_webface4m,adaface_ir50_wf4m
218,Ari Fleischer,3,93,Victoria Clarke,0.35435125,0.2877262,False,True,False,False,True,True,minchul/cvlface_adaface_ir50_webface4m,adaface_ir50_wf4m
219,Ari Fleischer,3,3,Ari Fleischer,0.5862515,0.5862515,True,True,True,False,False,False,minchul/cvlface_adaface_ir50_webface4m,adaface_ir50_wf4m
220,Ari Fleischer,3,3,Ari Fleischer,0.32431605,0.32431605,True,True,True,False,False,False,minchul/cvlface_adaface_ir50_webface4m,adaface_ir50_wf4m
221,Ari Fleischer,3,3,Ari Fleischer,0.6894289,0.6894289,True,True,True,False,False,False,minchul/cvlface_adaface_ir50_webface4m,adaface_ir50_wf4m
222,Tim Henman,87,83,Sourav Ganguly,0.24914742,0.22515476,False,False,False,True,True,False,minchul/cvlface_adaface_ir50_webface4m,adaface_ir50_wf4m
223,Tim Henman,87,87,Tim Henman,0.5525274,0.5525274,True,True,True,False,False,False,minchul/cvlface_adaface_ir50_webface4m,adaface_ir50_wf4m
224,Tim Henman,87,87,Tim Henman,0.53817725,0.53817725,True,True,True,False,False,False,minchul/cvlface_adaface_ir50_webface4m,adaface_ir50_wf4m
225,Tim Henman,87,89,Tom Daschle,0.35484678,0.35168278,False,True,False,False,True,True,minchul/cvlface_adaface_ir50_webface4m,adaface_ir50_wf4m
226,Tim Henman,87,87,Tim Henman,0.32805508,0.32805508,True,True,True,False,False,False,minchul/cvlface_adaface_ir50_webface4m,adaface_ir50_wf4m
227,Tim Henman,87,87,Tim Henman,0.4709855,0.4709855,True,True,True,False,False,False,minchul/cvlface_adaface_ir50_webface4m,adaface_ir50_wf4m
228,Tim Henman,87,87,Tim Henman,0.38846183,0.38846183,True,True,True,False,False,False,minchul/cvlface_adaface_ir50_webface4m,adaface_ir50_wf4m
229,Tim Henman,87,87,Tim Henman,0.37506685,0.37506685,True,True,True,False,False,False,minchul/cvlface_adaface_ir50_webface4m,adaface_ir50_wf4m
230,Ahmed Chalabi,1,1,Ahmed Chalabi,0.47145092,0.47145092,True,True,True,False,False,False,minchul/cvlface_adaface_ir50_webface4m,adaface_ir50_wf4m
231,Ahmed Chalabi,1,1,Ahmed Chalabi,0.597101,0.597101,True,True,True,False,False,False,minchul/cvlface_adaface_ir50_webface4m,adaface_ir50_wf4m
232,Ahmed Chalabi,1,1,Ahmed Chalabi,0.65280443,0.65280443,True,True,True,False,False,False,minchul/cvlface_adaface_ir50_webface4m,adaface_ir50_wf4m
233,Ahmed Chalabi,1,1,Ahmed Chalabi,0.58979505,0.58979505,True,True,True,False,False,False,minchul/cvlface_adaface_ir50_webface4m,adaface_ir50_wf4m
234,Tom Cruise,88,88,Tom Cruise,0.2931124,0.2931124,True,True,True,False,False,False,minchul/cvlface_adaface_ir50_webface4m,adaface_ir50_wf4m
235,Tom Cruise,88,88,Tom Cruise,0.3520912,0.3520912,True,True,True,False,False,False,minchul/cvlface_adaface_ir50_webface4m,adaface_ir50_wf4m
236,Tom Cruise,88,88,Tom Cruise,0.34163165,0.34163165,True,True,True,False,False,False,minchul/cvlface_adaface_ir50_webface4m,adaface_ir50_wf4m
237,Tom Cruise,88,88,Tom Cruise,0.3515119,0.3515119,True,True,True,False,False,False,minchul/cvlface_adaface_ir50_webface4m,adaface_ir50_wf4m
238,Tom Cruise,88,88,Tom Cruise,0.3982774,0.3982774,True,True,True,False,False,False,minchul/cvlface_adaface_ir50_webface4m,adaface_ir50_wf4m
239,Tom Cruise,88,88,Tom Cruise,0.35821706,0.35821706,True,True,True,False,False,False,minchul/cvlface_adaface_ir50_webface4m,adaface_ir50_wf4m
240,Tom Cruise,88,88,Tom Cruise,0.34159303,0.34159303,True,True,True,False,False,False,minchul/cvlface_adaface_ir50_webface4m,adaface_ir50_wf4m
241,Tom Cruise,88,88,Tom Cruise,0.43347,0.43347,True,True,True,False,False,False,minchul/cvlface_adaface_ir50_webface4m,adaface_ir50_wf4m
242,JK Rowling,31,31,JK Rowling,0.2776608,0.2776608,True,True,True,False,False,False,minchul/cvlface_adaface_ir50_webface4m,adaface_ir50_wf4m
243,JK Rowling,31,31,JK Rowling,0.48730093,0.48730093,True,True,True,False,False,False,minchul/cvlface_adaface_ir50_webface4m,adaface_ir50_wf4m
244,JK Rowling,31,31,JK Rowling,0.57958996,0.57958996,True,True,True,False,False,False,minchul/cvlface_adaface_ir50_webface4m,adaface_ir50_wf4m
245,JK Rowling,31,31,JK Rowling,0.5975746,0.5975746,True,True,True,False,False,False,minchul/cvlface_adaface_ir50_webface4m,adaface_ir50_wf4m
246,JK Rowling,31,31,JK Rowling,0.35097843,0.35097843,True,True,True,False,False,False,minchul/cvlface_adaface_ir50_webface4m,adaface_ir50_wf4m
247,Elizabeth Smart,22,22,Elizabeth Smart,0.55668974,0.55668974,True,True,True,False,False,False,minchul/cvlface_adaface_ir50_webface4m,adaface_ir50_wf4m
248,Elizabeth Smart,22,22,Elizabeth Smart,0.3259707,0.3259707,True,True,True,False,False,False,minchul/cvlface_adaface_ir50_webface4m,adaface_ir50_wf4m
249,Elizabeth Smart,22,22,Elizabeth Smart,0.3591989,0.3591989,True,True,True,False,False,False,minchul/cvlface_adaface_ir50_webface4m,adaface_ir50_wf4m
250,Elizabeth Smart,22,22,Elizabeth Smart,0.3670175,0.3670175,True,True,True,False,False,False,minchul/cvlface_adaface_ir50_webface4m,adaface_ir50_wf4m
251,Jennifer Aniston,34,34,Jennifer Aniston,0.51214266,0.51214266,True,True,True,False,False,False,minchul/cvlface_adaface_ir50_webface4m,adaface_ir50_wf4m
252,Jennifer Aniston,34,34,Jennifer Aniston,0.5457001,0.5457001,True,True,True,False,False,False,minchul/cvlface_adaface_ir50_webface4m,adaface_ir50_wf4m
253,Jennifer Aniston,34,34,Jennifer Aniston,0.4024861,0.4024861,True,True,True,False,False,False,minchul/cvlface_adaface_ir50_webface4m,adaface_ir50_wf4m
254,Jennifer Aniston,34,34,Jennifer Aniston,0.29684645,0.29684645,True,True,True,False,False,False,minchul/cvlface_adaface_ir50_webface4m,adaface_ir50_wf4m
255,Jennifer Aniston,34,34,Jennifer Aniston,0.4681002,0.4681002,True,True,True,False,False,False,minchul/cvlface_adaface_ir50_webface4m,adaface_ir50_wf4m
256,Jennifer Aniston,34,34,Jennifer Aniston,0.49684906,0.49684906,True,True,True,False,False,False,minchul/cvlface_adaface_ir50_webface4m,adaface_ir50_wf4m
257,Jennifer Aniston,34,34,Jennifer Aniston,0.40744647,0.40744647,True,True,True,False,False,False,minchul/cvlface_adaface_ir50_webface4m,adaface_ir50_wf4m
258,Jennifer Aniston,34,34,Jennifer Aniston,0.44823572,0.44823572,True,True,True,False,False,False,minchul/cvlface_adaface_ir50_webface4m,adaface_ir50_wf4m
259,George W Bush,24,24,George W Bush,0.6027633,0.6027633,True,True,True,False,False,False,minchul/cvlface_adaface_ir50_webface4m,adaface_ir50_wf4m
260,George W Bush,24,24,George W Bush,0.24512738,0.24512738,True,False,False,True,False,False,minchul/cvlface_adaface_ir50_webface4m,adaface_ir50_wf4m
261,George W Bush,24,24,George W Bush,0.42549452,0.42549452,True,True,True,False,False,False,minchul/cvlface_adaface_ir50_webface4m,adaface_ir50_wf4m
262,George W Bush,24,65,Paul Wolfowitz,0.39644685,0.35040084,False,True,False,False,True,True,minchul/cvlface_adaface_ir50_webface4m,adaface_ir50_wf4m
263,George W Bush,24,24,George W Bush,0.46826947,0.46826947,True,True,True,False,False,False,minchul/cvlface_adaface_ir50_webface4m,adaface_ir50_wf4m
264,George W Bush,24,24,George W Bush,0.5980184,0.5980184,True,True,True,False,False,False,minchul/cvlface_adaface_ir50_webface4m,adaface_ir50_wf4m
265,George W Bush,24,24,George W Bush,0.4651985,0.4651985,True,True,True,False,False,False,minchul/cvlface_adaface_ir50_webface4m,adaface_ir50_wf4m
266,George W Bush,24,24,George W Bush,0.393336,0.393336,True,True,True,False,False,False,minchul/cvlface_adaface_ir50_webface4m,adaface_ir50_wf4m
267,Joseph Biden,43,43,Joseph Biden,0.48723242,0.48723242,True,True,True,False,False,False,minchul/cvlface_adaface_ir50_webface4m,adaface_ir50_wf4m
268,Joseph Biden,43,43,Joseph Biden,0.3967892,0.3967892,True,True,True,False,False,False,minchul/cvlface_adaface_ir50_webface4m,adaface_ir50_wf4m
269,Joseph Biden,43,43,Joseph Biden,0.33399284,0.33399284,True,True,True,False,False,False,minchul/cvlface_adaface_ir50_webface4m,adaface_ir50_wf4m
270,Joseph Biden,43,43,Joseph Biden,0.4734489,0.4734489,True,True,True,False,False,False,minchul/cvlface_adaface_ir50_webface4m,adaface_ir50_wf4m
271,Billy Crystal,5,5,Billy Crystal,0.45234272,0.45234272,True,True,True,False,False,False,minchul/cvlface_adaface_ir50_webface4m,adaface_ir50_wf4m
272,Billy Crystal,5,5,Billy Crystal,0.29725426,0.29725426,True,True,True,False,False,False,minchul/cvlface_adaface_ir50_webface4m,adaface_ir50_wf4m
273,Billy Crystal,5,5,Billy Crystal,0.4861549,0.4861549,True,True,True,False,False,False,minchul/cvlface_adaface_ir50_webface4m,adaface_ir50_wf4m
274,Billy Crystal,5,5,Billy Crystal,0.49665827,0.49665827,True,True,True,False,False,False,minchul/cvlface_adaface_ir50_webface4m,adaface_ir50_wf4m
275,Billy Crystal,5,5,Billy Crystal,0.21926484,0.21926484,True,False,False,True,False,False,minchul/cvlface_adaface_ir50_webface4m,adaface_ir50_wf4m
276,Rob Marshall,73,73,Rob Marshall,0.7819829,0.7819829,True,True,True,False,False,False,minchul/cvlface_adaface_ir50_webface4m,adaface_ir50_wf4m
277,Rob Marshall,73,73,Rob Marshall,0.70669484,0.70669484,True,True,True,False,False,False,minchul/cvlface_adaface_ir50_webface4m,adaface_ir50_wf4m
278,Rob Marshall,73,73,Rob Marshall,0.4224921,0.4224921,True,True,True,False,False,False,minchul/cvlface_adaface_ir50_webface4m,adaface_ir50_wf4m
279,Rob Marshall,73,73,Rob Marshall,0.56004953,0.56004953,True,True,True,False,False,False,minchul/cvlface_adaface_ir50_webface4m,adaface_ir50_wf4m
280,Rob Marshall,73,73,Rob Marshall,0.57740057,0.57740057,True,True,True,False,False,False,minchul/cvlface_adaface_ir50_webface4m,adaface_ir50_wf4m
281,Madonna,52,52,Madonna,0.26798937,0.26798937,True,True,True,False,False,False,minchul/cvlface_adaface_ir50_webface4m,adaface_ir50_wf4m
282,Madonna,52,52,Madonna,0.3275742,0.3275742,True,True,True,False,False,False,minchul/cvlface_adaface_ir50_webface4m,adaface_ir50_wf4m
283,Madonna,52,52,Madonna,0.35731322,0.35731322,True,True,True,False,False,False,minchul/cvlface_adaface_ir50_webface4m,adaface_ir50_wf4m
284,Madonna,52,52,Madonna,0.3657602,0.3657602,True,True,True,False,False,False,minchul/cvlface_adaface_ir50_webface4m,adaface_ir50_wf4m
285,Kevin Spacey,45,45,Kevin Spacey,0.5367794,0.5367794,True,True,True,False,False,False,minchul/cvlface_adaface_ir50_webface4m,adaface_ir50_wf4m
286,Kevin Spacey,45,45,Kevin Spacey,0.64548314,0.64548314,True,True,True,False,False,False,minchul/cvlface_adaface_ir50_webface4m,adaface_ir50_wf4m
287,Kevin Spacey,45,45,Kevin Spacey,0.5051134,0.5051134,True,True,True,False,False,False,minchul/cvlface_adaface_ir50_webface4m,adaface_ir50_wf4m
288,Kevin Spacey,45,45,Kevin Spacey,0.4948836,0.4948836,True,True,True,False,False,False,minchul/cvlface_adaface_ir50_webface4m,adaface_ir50_wf4m
289,Calista Flockhart,10,10,Calista Flockhart,0.5394786,0.5394786,True,True,True,False,False,False,minchul/cvlface_adaface_ir50_webface4m,adaface_ir50_wf4m
290,Calista Flockhart,10,10,Calista Flockhart,0.34861654,0.34861654,True,True,True,False,False,False,minchul/cvlface_adaface_ir50_webface4m,adaface_ir50_wf4m
291,Calista Flockhart,10,10,Calista Flockhart,0.29855722,0.29855722,True,True,True,False,False,False,minchul/cvlface_adaface_ir50_webface4m,adaface_ir50_wf4m
292,Calista Flockhart,10,10,Calista Flockhart,0.64237565,0.64237565,True,True,True,False,False,False,minchul/cvlface_adaface_ir50_webface4m,adaface_ir50_wf4m
293,Calista Flockhart,10,10,Calista Flockhart,0.3812983,0.3812983,True,True,True,False,False,False,minchul/cvlface_adaface_ir50_webface4m,adaface_ir50_wf4m
294,Erika Harold,23,23,Erika Harold,0.5979295,0.5979295,True,True,True,False,False,False,minchul/cvlface_adaface_ir50_webface4m,adaface_ir50_wf4m
295,Erika Harold,23,23,Erika Harold,0.6407815,0.6407815,True,True,True,False,False,False,minchul/cvlface_adaface_ir50_webface4m,adaface_ir50_wf4m
296,Erika Harold,23,23,Erika Harold,0.4005736,0.4005736,True,True,True,False,False,False,minchul/cvlface_adaface_ir50_webface4m,adaface_ir50_wf4m
297,Erika Harold,23,23,Erika Harold,0.47742236,0.47742236,True,True,True,False,False,False,minchul/cvlface_adaface_ir50_webface4m,adaface_ir50_wf4m
298,Li Zhaoxing,49,49,Li Zhaoxing,0.52762836,0.52762836,True,True,True,False,False,False,minchul/cvlface_adaface_ir50_webface4m,adaface_ir50_wf4m
299,Li Zhaoxing,49,49,Li Zhaoxing,0.56541,0.56541,True,True,True,False,False,False,minchul/cvlface_adaface_ir50_webface4m,adaface_ir50_wf4m
300,Li Zhaoxing,49,49,Li Zhaoxing,0.6107242,0.6107242,True,True,True,False,False,False,minchul/cvlface_adaface_ir50_webface4m,adaface_ir50_wf4m
301,Li Zhaoxing,49,49,Li Zhaoxing,0.63878965,0.63878965,True,True,True,False,False,False,minchul/cvlface_adaface_ir50_webface4m,adaface_ir50_wf4m
302,Li Zhaoxing,49,92,Tung Chee-hwa,0.36881,0.33911186,False,True,False,False,True,True,minchul/cvlface_adaface_ir50_webface4m,adaface_ir50_wf4m
303,Li Zhaoxing,49,49,Li Zhaoxing,0.6243631,0.6243631,True,True,True,False,False,False,minchul/cvlface_adaface_ir50_webface4m,adaface_ir50_wf4m
304,Li Zhaoxing,49,49,Li Zhaoxing,0.66725004,0.66725004,True,True,True,False,False,False,minchul/cvlface_adaface_ir50_webface4m,adaface_ir50_wf4m
305,Paul Wolfowitz,65,65,Paul Wolfowitz,0.48382878,0.48382878,True,True,True,False,False,False,minchul/cvlface_adaface_ir50_webface4m,adaface_ir50_wf4m
306,Paul Wolfowitz,65,35,Jeremy Greenstock,0.32015598,0.28085876,False,True,False,False,True,True,minchul/cvlface_adaface_ir50_webface4m,adaface_ir50_wf4m
307,Paul Wolfowitz,65,65,Paul Wolfowitz,0.38216358,0.38216358,True,True,True,False,False,False,minchul/cvlface_adaface_ir50_webface4m,adaface_ir50_wf4m
308,Paul Wolfowitz,65,65,Paul Wolfowitz,0.42342025,0.42342025,True,True,True,False,False,False,minchul/cvlface_adaface_ir50_webface4m,adaface_ir50_wf4m
309,Paul Wolfowitz,65,91,Trent Lott,0.34110415,0.3185941,False,True,False,False,True,True,minchul/cvlface_adaface_ir50_webface4m,adaface_ir50_wf4m
310,Paul Wolfowitz,65,65,Paul Wolfowitz,0.28953248,0.28953248,True,True,True,False,False,False,minchul/cvlface_adaface_ir50_webface4m,adaface_ir50_wf4m
311,Paul Wolfowitz,65,65,Paul Wolfowitz,0.4172995,0.4172995,True,True,True,False,False,False,minchul/cvlface_adaface_ir50_webface4m,adaface_ir50_wf4m
312,Paul Wolfowitz,65,65,Paul Wolfowitz,0.40356946,0.40356946,True,True,True,False,False,False,minchul/cvlface_adaface_ir50_webface4m,adaface_ir50_wf4m
313,Nicanor Duarte Frutos,61,61,Nicanor Duarte Frutos,0.48671898,0.48671898,True,True,True,False,False,False,minchul/cvlface_adaface_ir50_webface4m,adaface_ir50_wf4m
314,Nicanor Duarte Frutos,61,61,Nicanor Duarte Frutos,0.3997664,0.3997664,True,True,True,False,False,False,minchul/cvlface_adaface_ir50_webface4m,adaface_ir50_wf4m
315,Nicanor Duarte Frutos,61,61,Nicanor Duarte Frutos,0.508356,0.508356,True,True,True,False,False,False,minchul/cvlface_adaface_ir50_webface4m,adaface_ir50_wf4m
316,Nicanor Duarte Frutos,61,61,Nicanor Duarte Frutos,0.32032,0.32032,True,True,True,False,False,False,minchul/cvlface_adaface_ir50_webface4m,adaface_ir50_wf4m
317,Nicanor Duarte Frutos,61,61,Nicanor Duarte Frutos,0.34982902,0.34982902,True,True,True,False,False,False,minchul/cvlface_adaface_ir50_webface4m,adaface_ir50_wf4m
318,Nicanor Duarte Frutos,61,61,Nicanor Duarte Frutos,0.37323505,0.37323505,True,True,True,False,False,False,minchul/cvlface_adaface_ir50_webface4m,adaface_ir50_wf4m
319,Nicanor Duarte Frutos,61,61,Nicanor Duarte Frutos,0.3729673,0.3729673,True,True,True,False,False,False,minchul/cvlface_adaface_ir50_webface4m,adaface_ir50_wf4m
320,Nicanor Duarte Frutos,61,61,Nicanor Duarte Frutos,0.39972287,0.39972287,True,True,True,False,False,False,minchul/cvlface_adaface_ir50_webface4m,adaface_ir50_wf4m
321,Jose Manuel Durao Barroso,42,42,Jose Manuel Durao Barroso,0.46275002,0.46275002,True,True,True,False,False,False,minchul/cvlface_adaface_ir50_webface4m,adaface_ir50_wf4m
322,Jose Manuel Durao Barroso,42,42,Jose Manuel Durao Barroso,0.28786197,0.28786197,True,True,True,False,False,False,minchul/cvlface_adaface_ir50_webface4m,adaface_ir50_wf4m
323,Jose Manuel Durao Barroso,42,87,Tim Henman,0.3416112,0.28674608,False,True,False,False,True,True,minchul/cvlface_adaface_ir50_webface4m,adaface_ir50_wf4m
324,Jose Manuel Durao Barroso,42,42,Jose Manuel Durao Barroso,0.35093442,0.35093442,True,True,True,False,False,False,minchul/cvlface_adaface_ir50_webface4m,adaface_ir50_wf4m
325,Jose Manuel Durao Barroso,42,42,Jose Manuel Durao Barroso,0.6277293,0.6277293,True,True,True,False,False,False,minchul/cvlface_adaface_ir50_webface4m,adaface_ir50_wf4m
326,Brad Johnson,8,8,Brad Johnson,0.36843783,0.36843783,True,True,True,False,False,False,minchul/cvlface_adaface_ir50_webface4m,adaface_ir50_wf4m
327,Brad Johnson,8,42,Jose Manuel Durao Barroso,0.28030145,0.27658755,False,True,False,False,True,True,minchul/cvlface_adaface_ir50_webface4m,adaface_ir50_wf4m
328,Brad Johnson,8,8,Brad Johnson,0.3906697,0.3906697,True,True,True,False,False,False,minchul/cvlface_adaface_ir50_webface4m,adaface_ir50_wf4m
329,Brad Johnson,8,8,Brad Johnson,0.40066987,0.40066987,True,True,True,False,False,False,minchul/cvlface_adaface_ir50_webface4m,adaface_ir50_wf4m
330,Peter Struck,67,3,Ari Fleischer,0.31703275,0.2789551,False,True,False,False,True,True,minchul/cvlface_adaface_ir50_webface4m,adaface_ir50_wf4m
331,Peter Struck,67,67,Peter Struck,0.34388512,0.34388512,True,True,True,False,False,False,minchul/cvlface_adaface_ir50_webface4m,adaface_ir50_wf4m
332,Peter Struck,67,67,Peter Struck,0.28435785,0.28435785,True,True,True,False,False,False,minchul/cvlface_adaface_ir50_webface4m,adaface_ir50_wf4m
333,Peter Struck,67,76,Roger Moore,0.22349675,0.19405591,False,False,False,True,True,False,minchul/cvlface_adaface_ir50_webface4m,adaface_ir50_wf4m
334,Shimon Peres,81,81,Shimon Peres,0.4468979,0.4468979,True,True,True,False,False,False,minchul/cvlface_adaface_ir50_webface4m,adaface_ir50_wf4m
335,Shimon Peres,81,81,Shimon Peres,0.59133697,0.59133697,True,True,True,False,False,False,minchul/cvlface_adaface_ir50_webface4m,adaface_ir50_wf4m
336,Shimon Peres,81,81,Shimon Peres,0.5909328,0.5909328,True,True,True,False,False,False,minchul/cvlface_adaface_ir50_webface4m,adaface_ir50_wf4m
337,Shimon Peres,81,81,Shimon Peres,0.52709377,0.52709377,True,True,True,False,False,False,minchul/cvlface_adaface_ir50_webface4m,adaface_ir50_wf4m
338,Shimon Peres,81,81,Shimon Peres,0.5628334,0.5628334,True,True,True,False,False,False,minchul/cvlface_adaface_ir50_webface4m,adaface_ir50_wf4m
339,Shimon Peres,81,81,Shimon Peres,0.30926788,0.30926788,True,True,True,False,False,False,minchul/cvlface_adaface_ir50_webface4m,adaface_ir50_wf4m
340,Shimon Peres,81,81,Shimon Peres,0.5427663,0.5427663,True,True,True,False,False,False,minchul/cvlface_adaface_ir50_webface4m,adaface_ir50_wf4m
341,Michael Jackson,58,58,Michael Jackson,0.46607453,0.46607453,True,True,True,False,False,False,minchul/cvlface_adaface_ir50_webface4m,adaface_ir50_wf4m
342,Michael Jackson,58,58,Michael Jackson,0.6880119,0.6880119,True,True,True,False,False,False,minchul/cvlface_adaface_ir50_webface4m,adaface_ir50_wf4m
343,Michael Jackson,58,58,Michael Jackson,0.47520947,0.47520947,True,True,True,False,False,False,minchul/cvlface_adaface_ir50_webface4m,adaface_ir50_wf4m
344,Michael Jackson,58,58,Michael Jackson,0.3088501,0.3088501,True,True,True,False,False,False,minchul/cvlface_adaface_ir50_webface4m,adaface_ir50_wf4m
345,Michael Jackson,58,58,Michael Jackson,0.59507763,0.59507763,True,True,True,False,False,False,minchul/cvlface_adaface_ir50_webface4m,adaface_ir50_wf4m
346,Michael Jackson,58,58,Michael Jackson,0.2121785,0.2121785,True,False,False,True,False,False,minchul/cvlface_adaface_ir50_webface4m,adaface_ir50_wf4m
347,Michael Jackson,58,58,Michael Jackson,0.44249228,0.44249228,True,True,True,False,False,False,minchul/cvlface_adaface_ir50_webface4m,adaface_ir50_wf4m
348,Michael Jackson,58,58,Michael Jackson,0.46961585,0.46961585,True,True,True,False,False,False,minchul/cvlface_adaface_ir50_webface4m,adaface_ir50_wf4m
349,Pierce Brosnan,68,68,Pierce Brosnan,0.5350329,0.5350329,True,True,True,False,False,False,minchul/cvlface_adaface_ir50_webface4m,adaface_ir50_wf4m
350,Pierce Brosnan,68,68,Pierce Brosnan,0.48488033,0.48488033,True,True,True,False,False,False,minchul/cvlface_adaface_ir50_webface4m,adaface_ir50_wf4m
351,Pierce Brosnan,68,68,Pierce Brosnan,0.5495794,0.5495794,True,True,True,False,False,False,minchul/cvlface_adaface_ir50_webface4m,adaface_ir50_wf4m
352,Pierce Brosnan,68,68,Pierce Brosnan,0.38909364,0.38909364,True,True,True,False,False,False,minchul/cvlface_adaface_ir50_webface4m,adaface_ir50_wf4m
353,Pierce Brosnan,68,68,Pierce Brosnan,0.3606574,0.3606574,True,True,True,False,False,False,minchul/cvlface_adaface_ir50_webface4m,adaface_ir50_wf4m
354,Pierce Brosnan,68,68,Pierce Brosnan,0.49357527,0.49357527,True,True,True,False,False,False,minchul/cvlface_adaface_ir50_webface4m,adaface_ir50_wf4m
355,Pierce Brosnan,68,68,Pierce Brosnan,0.5487785,0.5487785,True,True,True,False,False,False,minchul/cvlface_adaface_ir50_webface4m,adaface_ir50_wf4m
356,Pierce Brosnan,68,68,Pierce Brosnan,0.48987234,0.48987234,True,True,True,False,False,False,minchul/cvlface_adaface_ir50_webface4m,adaface_ir50_wf4m
357,Joe Lieberman,37,37,Joe Lieberman,0.3882143,0.3882143,True,True,True,False,False,False,minchul/cvlface_adaface_ir50_webface4m,adaface_ir50_wf4m
358,Joe Lieberman,37,37,Joe Lieberman,0.39494058,0.39494058,True,True,True,False,False,False,minchul/cvlface_adaface_ir50_webface4m,adaface_ir50_wf4m
359,Joe Lieberman,37,37,Joe Lieberman,0.25389805,0.25389805,True,False,False,True,False,False,minchul/cvlface_adaface_ir50_webface4m,adaface_ir50_wf4m
360,Joe Lieberman,37,37,Joe Lieberman,0.4607942,0.4607942,True,True,True,False,False,False,minchul/cvlface_adaface_ir50_webface4m,adaface_ir50_wf4m
361,Joe Lieberman,37,37,Joe Lieberman,0.4911536,0.4911536,True,True,True,False,False,False,minchul/cvlface_adaface_ir50_webface4m,adaface_ir50_wf4m
362,Joe Lieberman,37,37,Joe Lieberman,0.33115727,0.33115727,True,True,True,False,False,False,minchul/cvlface_adaface_ir50_webface4m,adaface_ir50_wf4m
363,Joe Lieberman,37,37,Joe Lieberman,0.46044022,0.46044022,True,True,True,False,False,False,minchul/cvlface_adaface_ir50_webface4m,adaface_ir50_wf4m
364,Joe Lieberman,37,37,Joe Lieberman,0.61936927,0.61936927,True,True,True,False,False,False,minchul/cvlface_adaface_ir50_webface4m,adaface_ir50_wf4m
365,Wen Jiabao,94,94,Wen Jiabao,0.77079797,0.77079797,True,True,True,False,False,False,minchul/cvlface_adaface_ir50_webface4m,adaface_ir50_wf4m
366,Wen Jiabao,94,94,Wen Jiabao,0.5109498,0.5109498,True,True,True,False,False,False,minchul/cvlface_adaface_ir50_webface4m,adaface_ir50_wf4m
367,Wen Jiabao,94,94,Wen Jiabao,0.63365537,0.63365537,True,True,True,False,False,False,minchul/cvlface_adaface_ir50_webface4m,adaface_ir50_wf4m
368,Wen Jiabao,94,94,Wen Jiabao,0.5015174,0.5015174,True,True,True,False,False,False,minchul/cvlface_adaface_ir50_webface4m,adaface_ir50_wf4m
369,Wen Jiabao,94,94,Wen Jiabao,0.72622323,0.72622323,True,True,True,False,False,False,minchul/cvlface_adaface_ir50_webface4m,adaface_ir50_wf4m
370,Wen Jiabao,94,94,Wen Jiabao,0.55957425,0.55957425,True,True,True,False,False,False,minchul/cvlface_adaface_ir50_webface4m,adaface_ir50_wf4m
371,Wen Jiabao,94,94,Wen Jiabao,0.4184847,0.4184847,True,True,True,False,False,False,minchul/cvlface_adaface_ir50_webface4m,adaface_ir50_wf4m
372,Wen Jiabao,94,94,Wen Jiabao,0.35189703,0.35189703,True,True,True,False,False,False,minchul/cvlface_adaface_ir50_webface4m,adaface_ir50_wf4m
373,Colin Farrell,16,16,Colin Farrell,0.5173154,0.5173154,True,True,True,False,False,False,minchul/cvlface_adaface_ir50_webface4m,adaface_ir50_wf4m
374,Colin Farrell,16,16,Colin Farrell,0.5286812,0.5286812,True,True,True,False,False,False,minchul/cvlface_adaface_ir50_webface4m,adaface_ir50_wf4m
375,Colin Farrell,16,16,Colin Farrell,0.527465,0.527465,True,True,True,False,False,False,minchul/cvlface_adaface_ir50_webface4m,adaface_ir50_wf4m
376,Colin Farrell,16,16,Colin Farrell,0.5296341,0.5296341,True,True,True,False,False,False,minchul/cvlface_adaface_ir50_webface4m,adaface_ir50_wf4m
377,Colin Farrell,16,16,Colin Farrell,0.4155936,0.4155936,True,True,True,False,False,False,minchul/cvlface_adaface_ir50_webface4m,adaface_ir50_wf4m
378,Colin Farrell,16,16,Colin Farrell,0.537591,0.537591,True,True,True,False,False,False,minchul/cvlface_adaface_ir50_webface4m,adaface_ir50_wf4m
379,Colin Farrell,16,16,Colin Farrell,0.45440173,0.45440173,True,True,True,False,False,False,minchul/cvlface_adaface_ir50_webface4m,adaface_ir50_wf4m
380,Colin Farrell,16,16,Colin Farrell,0.5062774,0.5062774,True,True,True,False,False,False,minchul/cvlface_adaface_ir50_webface4m,adaface_ir50_wf4m
381,Holly Hunter,28,28,Holly Hunter,0.4815945,0.4815945,True,True,True,False,False,False,minchul/cvlface_adaface_ir50_webface4m,adaface_ir50_wf4m
382,Holly Hunter,28,28,Holly Hunter,0.44344348,0.44344348,True,True,True,False,False,False,minchul/cvlface_adaface_ir50_webface4m,adaface_ir50_wf4m
383,Holly Hunter,28,28,Holly Hunter,0.5067062,0.5067062,True,True,True,False,False,False,minchul/cvlface_adaface_ir50_webface4m,adaface_ir50_wf4m
384,Holly Hunter,28,28,Holly Hunter,0.47546098,0.47546098,True,True,True,False,False,False,minchul/cvlface_adaface_ir50_webface4m,adaface_ir50_wf4m
385,Holly Hunter,28,28,Holly Hunter,0.3722871,0.3722871,True,True,True,False,False,False,minchul/cvlface_adaface_ir50_webface4m,adaface_ir50_wf4m
386,Holly Hunter,28,28,Holly Hunter,0.4120593,0.4120593,True,True,True,False,False,False,minchul/cvlface_adaface_ir50_webface4m,adaface_ir50_wf4m
387,William Macy,95,95,William Macy,0.3853509,0.3853509,True,True,True,False,False,False,minchul/cvlface_adaface_ir50_webface4m,adaface_ir50_wf4m
388,William Macy,95,95,William Macy,0.6717714,0.6717714,True,True,True,False,False,False,minchul/cvlface_adaface_ir50_webface4m,adaface_ir50_wf4m
389,William Macy,95,95,William Macy,0.70972884,0.70972884,True,True,True,False,False,False,minchul/cvlface_adaface_ir50_webface4m,adaface_ir50_wf4m
390,William Macy,95,51,Lleyton Hewitt,0.20684373,0.12198086,False,False,False,True,True,False,minchul/cvlface_adaface_ir50_webface4m,adaface_ir50_wf4m
391,Binyamin Ben-Eliezer,6,6,Binyamin Ben-Eliezer,0.39347422,0.39347422,True,True,True,False,False,False,minchul/cvlface_adaface_ir50_webface4m,adaface_ir50_wf4m
392,Binyamin Ben-Eliezer,6,6,Binyamin Ben-Eliezer,0.49466497,0.49466497,True,True,True,False,False,False,minchul/cvlface_adaface_ir50_webface4m,adaface_ir50_wf4m
393,Binyamin Ben-Eliezer,6,6,Binyamin Ben-Eliezer,0.4160391,0.4160391,True,True,True,False,False,False,minchul/cvlface_adaface_ir50_webface4m,adaface_ir50_wf4m
394,Binyamin Ben-Eliezer,6,6,Binyamin Ben-Eliezer,0.50719035,0.50719035,True,True,True,False,False,False,minchul/cvlface_adaface_ir50_webface4m,adaface_ir50_wf4m
395,Binyamin Ben-Eliezer,6,6,Binyamin Ben-Eliezer,0.42277387,0.42277387,True,True,True,False,False,False,minchul/cvlface_adaface_ir50_webface4m,adaface_ir50_wf4m
396,Binyamin Ben-Eliezer,6,6,Binyamin Ben-Eliezer,0.65984714,0.65984714,True,True,True,False,False,False,minchul/cvlface_adaface_ir50_webface4m,adaface_ir50_wf4m
397,Hu Jintao,29,29,Hu Jintao,0.4775254,0.4775254,True,True,True,False,False,False,minchul/cvlface_adaface_ir50_webface4m,adaface_ir50_wf4m
398,Hu Jintao,29,29,Hu Jintao,0.29756874,0.29756874,True,True,True,False,False,False,minchul/cvlface_adaface_ir50_webface4m,adaface_ir50_wf4m
399,Hu Jintao,29,29,Hu Jintao,0.3633624,0.3633624,True,True,True,False,False,False,minchul/cvlface_adaface_ir50_webface4m,adaface_ir50_wf4m
400,Hu Jintao,29,19,David Anderson,0.3157188,0.21264851,False,True,False,False,True,True,minchul/cvlface_adaface_ir50_webface4m,adaface_ir50_wf4m
401,Hu Jintao,29,29,Hu Jintao,0.49865925,0.49865925,True,True,True,False,False,False,minchul/cvlface_adaface_ir50_webface4m,adaface_ir50_wf4m
402,Hu Jintao,29,29,Hu Jintao,0.4411785,0.4411785,True,True,True,False,False,False,minchul/cvlface_adaface_ir50_webface4m,adaface_ir50_wf4m
403,Hu Jintao,29,29,Hu Jintao,0.46464646,0.46464646,True,True,True,False,False,False,minchul/cvlface_adaface_ir50_webface4m,adaface_ir50_wf4m
404,Hu Jintao,29,29,Hu Jintao,0.40726322,0.40726322,True,True,True,False,False,False,minchul/cvlface_adaface_ir50_webface4m,adaface_ir50_wf4m
405,Norah Jones,62,62,Norah Jones,0.31988972,0.31988972,True,True,True,False,False,False,minchul/cvlface_adaface_ir50_webface4m,adaface_ir50_wf4m
406,Norah Jones,62,62,Norah Jones,0.41128108,0.41128108,True,True,True,False,False,False,minchul/cvlface_adaface_ir50_webface4m,adaface_ir50_wf4m
407,Norah Jones,62,62,Norah Jones,0.47750762,0.47750762,True,True,True,False,False,False,minchul/cvlface_adaface_ir50_webface4m,adaface_ir50_wf4m
408,Norah Jones,62,62,Norah Jones,0.54069567,0.54069567,True,True,True,False,False,False,minchul/cvlface_adaface_ir50_webface4m,adaface_ir50_wf4m
409,Norah Jones,62,62,Norah Jones,0.56032866,0.56032866,True,True,True,False,False,False,minchul/cvlface_adaface_ir50_webface4m,adaface_ir50_wf4m
410,Norah Jones,62,62,Norah Jones,0.5872381,0.5872381,True,True,True,False,False,False,minchul/cvlface_adaface_ir50_webface4m,adaface_ir50_wf4m
411,Norah Jones,62,62,Norah Jones,0.5157987,0.5157987,True,True,True,False,False,False,minchul/cvlface_adaface_ir50_webface4m,adaface_ir50_wf4m
412,Norah Jones,62,62,Norah Jones,0.38447472,0.38447472,True,True,True,False,False,False,minchul/cvlface_adaface_ir50_webface4m,adaface_ir50_wf4m
413,Jean-Pierre Raffarin,33,33,Jean-Pierre Raffarin,0.3794728,0.3794728,True,True,True,False,False,False,minchul/cvlface_adaface_ir50_webface4m,adaface_ir50_wf4m
414,Jean-Pierre Raffarin,33,33,Jean-Pierre Raffarin,0.26945812,0.26945812,True,True,True,False,False,False,minchul/cvlface_adaface_ir50_webface4m,adaface_ir50_wf4m
415,Jean-Pierre Raffarin,33,33,Jean-Pierre Raffarin,0.3024434,0.3024434,True,True,True,False,False,False,minchul/cvlface_adaface_ir50_webface4m,adaface_ir50_wf4m
416,Jean-Pierre Raffarin,33,33,Jean-Pierre Raffarin,0.2888303,0.2888303,True,True,True,False,False,False,minchul/cvlface_adaface_ir50_webface4m,adaface_ir50_wf4m
417,Jean-Pierre Raffarin,33,33,Jean-Pierre Raffarin,0.37880367,0.37880367,True,True,True,False,False,False,minchul/cvlface_adaface_ir50_webface4m,adaface_ir50_wf4m
418,Jean-Pierre Raffarin,33,33,Jean-Pierre Raffarin,0.32232362,0.32232362,True,True,True,False,False,False,minchul/cvlface_adaface_ir50_webface4m,adaface_ir50_wf4m
419,Salma Hayek,79,79,Salma Hayek,0.5807698,0.5807698,True,True,True,False,False,False,minchul/cvlface_adaface_ir50_webface4m,adaface_ir50_wf4m
420,Salma Hayek,79,79,Salma Hayek,0.27698052,0.27698052,True,True,True,False,False,False,minchul/cvlface_adaface_ir50_webface4m,adaface_ir50_wf4m
421,Salma Hayek,79,79,Salma Hayek,0.53981435,0.53981435,True,True,True,False,False,False,minchul/cvlface_adaface_ir50_webface4m,adaface_ir50_wf4m
422,Salma Hayek,79,79,Salma Hayek,0.52511036,0.52511036,True,True,True,False,False,False,minchul/cvlface_adaface_ir50_webface4m,adaface_ir50_wf4m
423,Salma Hayek,79,79,Salma Hayek,0.5518617,0.5518617,True,True,True,False,False,False,minchul/cvlface_adaface_ir50_webface4m,adaface_ir50_wf4m
424,Salma Hayek,79,79,Salma Hayek,0.689911,0.689911,True,True,True,False,False,False,minchul/cvlface_adaface_ir50_webface4m,adaface_ir50_wf4m
425,Salma Hayek,79,25,Gloria Macapagal Arroyo,0.32641664,0.31876862,False,True,False,False,True,True,minchul/cvlface_adaface_ir50_webface4m,adaface_ir50_wf4m
426,Salma Hayek,79,79,Salma Hayek,0.5297078,0.5297078,True,True,True,False,False,False,minchul/cvlface_adaface_ir50_webface4m,adaface_ir50_wf4m
427,Lance Bass,47,47,Lance Bass,0.5350195,0.5350195,True,True,True,False,False,False,minchul/cvlface_adaface_ir50_webface4m,adaface_ir50_wf4m
428,Lance Bass,47,47,Lance Bass,0.3468772,0.3468772,True,True,True,False,False,False,minchul/cvlface_adaface_ir50_webface4m,adaface_ir50_wf4m
429,Lance Bass,47,47,Lance Bass,0.36161244,0.36161244,True,True,True,False,False,False,minchul/cvlface_adaface_ir50_webface4m,adaface_ir50_wf4m
430,Lance Bass,47,47,Lance Bass,0.41747177,0.41747177,True,True,True,False,False,False,minchul/cvlface_adaface_ir50_webface4m,adaface_ir50_wf4m
431,Thomas OBrien,86,86,Thomas OBrien,0.5755433,0.5755433,True,True,True,False,False,False,minchul/cvlface_adaface_ir50_webface4m,adaface_ir50_wf4m
432,Thomas OBrien,86,86,Thomas OBrien,0.37200832,0.37200832,True,True,True,False,False,False,minchul/cvlface_adaface_ir50_webface4m,adaface_ir50_wf4m
433,Thomas OBrien,86,86,Thomas OBrien,0.50924546,0.50924546,True,True,True,False,False,False,minchul/cvlface_adaface_ir50_webface4m,adaface_ir50_wf4m
434,Thomas OBrien,86,86,Thomas OBrien,0.6642271,0.6642271,True,True,True,False,False,False,minchul/cvlface_adaface_ir50_webface4m,adaface_ir50_wf4m
435,Thomas OBrien,86,86,Thomas OBrien,0.30280966,0.30280966,True,True,True,False,False,False,minchul/cvlface_adaface_ir50_webface4m,adaface_ir50_wf4m
436,Thomas OBrien,86,86,Thomas OBrien,0.581395,0.581395,True,True,True,False,False,False,minchul/cvlface_adaface_ir50_webface4m,adaface_ir50_wf4m
437,Thomas OBrien,86,86,Thomas OBrien,0.5592655,0.5592655,True,True,True,False,False,False,minchul/cvlface_adaface_ir50_webface4m,adaface_ir50_wf4m
438,Thomas OBrien,86,86,Thomas OBrien,0.700354,0.700354,True,True,True,False,False,False,minchul/cvlface_adaface_ir50_webface4m,adaface_ir50_wf4m
439,Yasser Arafat,98,98,Yasser Arafat,0.5363541,0.5363541,True,True,True,False,False,False,minchul/cvlface_adaface_ir50_webface4m,adaface_ir50_wf4m
440,Yasser Arafat,98,98,Yasser Arafat,0.57731104,0.57731104,True,True,True,False,False,False,minchul/cvlface_adaface_ir50_webface4m,adaface_ir50_wf4m
441,Yasser Arafat,98,98,Yasser Arafat,0.47935116,0.47935116,True,True,True,False,False,False,minchul/cvlface_adaface_ir50_webface4m,adaface_ir50_wf4m
442,Yasser Arafat,98,98,Yasser Arafat,0.42204016,0.42204016,True,True,True,False,False,False,minchul/cvlface_adaface_ir50_webface4m,adaface_ir50_wf4m
443,Yasser Arafat,98,98,Yasser Arafat,0.3454904,0.3454904,True,True,True,False,False,False,minchul/cvlface_adaface_ir50_webface4m,adaface_ir50_wf4m
444,Yasser Arafat,98,98,Yasser Arafat,0.5128355,0.5128355,True,True,True,False,False,False,minchul/cvlface_adaface_ir50_webface4m,adaface_ir50_wf4m
445,Yasser Arafat,98,98,Yasser Arafat,0.54593354,0.54593354,True,True,True,False,False,False,minchul/cvlface_adaface_ir50_webface4m,adaface_ir50_wf4m
446,Li Peng,48,48,Li Peng,0.5192184,0.5192184,True,True,True,False,False,False,minchul/cvlface_adaface_ir50_webface4m,adaface_ir50_wf4m
447,Li Peng,48,48,Li Peng,0.54613996,0.54613996,True,True,True,False,False,False,minchul/cvlface_adaface_ir50_webface4m,adaface_ir50_wf4m
448,Li Peng,48,48,Li Peng,0.56195635,0.56195635,True,True,True,False,False,False,minchul/cvlface_adaface_ir50_webface4m,adaface_ir50_wf4m
449,Li Peng,48,48,Li Peng,0.45863008,0.45863008,True,True,True,False,False,False,minchul/cvlface_adaface_ir50_webface4m,adaface_ir50_wf4m
450,Li Peng,48,48,Li Peng,0.38400504,0.38400504,True,True,True,False,False,False,minchul/cvlface_adaface_ir50_webface4m,adaface_ir50_wf4m
451,Li Peng,48,48,Li Peng,0.64366925,0.64366925,True,True,True,False,False,False,minchul/cvlface_adaface_ir50_webface4m,adaface_ir50_wf4m
452,Li Peng,48,48,Li Peng,0.5155109,0.5155109,True,True,True,False,False,False,minchul/cvlface_adaface_ir50_webface4m,adaface_ir50_wf4m
453,Li Peng,48,48,Li Peng,0.5249508,0.5249508,True,True,True,False,False,False,minchul/cvlface_adaface_ir50_webface4m,adaface_ir50_wf4m
454,Meryl Streep,56,56,Meryl Streep,0.55451494,0.55451494,True,True,True,False,False,False,minchul/cvlface_adaface_ir50_webface4m,adaface_ir50_wf4m
455,Meryl Streep,56,56,Meryl Streep,0.6243396,0.6243396,True,True,True,False,False,False,minchul/cvlface_adaface_ir50_webface4m,adaface_ir50_wf4m
456,Meryl Streep,56,56,Meryl Streep,0.48615217,0.48615217,True,True,True,False,False,False,minchul/cvlface_adaface_ir50_webface4m,adaface_ir50_wf4m
457,Meryl Streep,56,56,Meryl Streep,0.6069653,0.6069653,True,True,True,False,False,False,minchul/cvlface_adaface_ir50_webface4m,adaface_ir50_wf4m
458,Meryl Streep,56,56,Meryl Streep,0.54517883,0.54517883,True,True,True,False,False,False,minchul/cvlface_adaface_ir50_webface4m,adaface_ir50_wf4m
459,Meryl Streep,56,56,Meryl Streep,0.6450182,0.6450182,True,True,True,False,False,False,minchul/cvlface_adaface_ir50_webface4m,adaface_ir50_wf4m
460,Meryl Streep,56,56,Meryl Streep,0.44981933,0.44981933,True,True,True,False,False,False,minchul/cvlface_adaface_ir50_webface4m,adaface_ir50_wf4m
461,Meryl Streep,56,56,Meryl Streep,0.3456794,0.3456794,True,True,True,False,False,False,minchul/cvlface_adaface_ir50_webface4m,adaface_ir50_wf4m
462,Condoleezza Rice,18,18,Condoleezza Rice,0.5131398,0.5131398,True,True,True,False,False,False,minchul/cvlface_adaface_ir50_webface4m,adaface_ir50_wf4m
463,Condoleezza Rice,18,18,Condoleezza Rice,0.52276266,0.52276266,True,True,True,False,False,False,minchul/cvlface_adaface_ir50_webface4m,adaface_ir50_wf4m
464,Condoleezza Rice,18,18,Condoleezza Rice,0.38209045,0.38209045,True,True,True,False,False,False,minchul/cvlface_adaface_ir50_webface4m,adaface_ir50_wf4m
465,Condoleezza Rice,18,18,Condoleezza Rice,0.56252134,0.56252134,True,True,True,False,False,False,minchul/cvlface_adaface_ir50_webface4m,adaface_ir50_wf4m
466,Condoleezza Rice,18,18,Condoleezza Rice,0.5058067,0.5058067,True,True,True,False,False,False,minchul/cvlface_adaface_ir50_webface4m,adaface_ir50_wf4m
467,Condoleezza Rice,18,18,Condoleezza Rice,0.6526599,0.6526599,True,True,True,False,False,False,minchul/cvlface_adaface_ir50_webface4m,adaface_ir50_wf4m
468,Condoleezza Rice,18,42,Jose Manuel Durao Barroso,0.23908304,0.18219918,False,False,False,True,True,False,minchul/cvlface_adaface_ir50_webface4m,adaface_ir50_wf4m
469,Condoleezza Rice,18,13,Catherine Zeta-Jones,0.22942263,0.17342016,False,False,False,True,True,False,minchul/cvlface_adaface_ir50_webface4m,adaface_ir50_wf4m
470,Colin Powell,17,17,Colin Powell,0.6307865,0.6307865,True,True,True,False,False,False,minchul/cvlface_adaface_ir50_webface4m,adaface_ir50_wf4m
471,Colin Powell,17,17,Colin Powell,0.6023914,0.6023914,True,True,True,False,False,False,minchul/cvlface_adaface_ir50_webface4m,adaface_ir50_wf4m
472,Colin Powell,17,17,Colin Powell,0.52536094,0.52536094,True,True,True,False,False,False,minchul/cvlface_adaface_ir50_webface4m,adaface_ir50_wf4m
473,Colin Powell,17,17,Colin Powell,0.37323272,0.37323272,True,True,True,False,False,False,minchul/cvlface_adaface_ir50_webface4m,adaface_ir50_wf4m
474,Colin Powell,17,17,Colin Powell,0.4352317,0.4352317,True,True,True,False,False,False,minchul/cvlface_adaface_ir50_webface4m,adaface_ir50_wf4m
475,Colin Powell,17,17,Colin Powell,0.5263046,0.5263046,True,True,True,False,False,False,minchul/cvlface_adaface_ir50_webface4m,adaface_ir50_wf4m
476,Colin Powell,17,17,Colin Powell,0.50687194,0.50687194,True,True,True,False,False,False,minchul/cvlface_adaface_ir50_webface4m,adaface_ir50_wf4m
477,Colin Powell,17,17,Colin Powell,0.38450766,0.38450766,True,True,True,False,False,False,minchul/cvlface_adaface_ir50_webface4m,adaface_ir50_wf4m
478,Jon Gruden,41,41,Jon Gruden,0.617537,0.617537,True,True,True,False,False,False,minchul/cvlface_adaface_ir50_webface4m,adaface_ir50_wf4m
479,Jon Gruden,41,41,Jon Gruden,0.4787443,0.4787443,True,True,True,False,False,False,minchul/cvlface_adaface_ir50_webface4m,adaface_ir50_wf4m
480,Jon Gruden,41,41,Jon Gruden,0.5947111,0.5947111,True,True,True,False,False,False,minchul/cvlface_adaface_ir50_webface4m,adaface_ir50_wf4m
481,Jon Gruden,41,41,Jon Gruden,0.32750285,0.32750285,True,True,True,False,False,False,minchul/cvlface_adaface_ir50_webface4m,adaface_ir50_wf4m
482,Jon Gruden,41,41,Jon Gruden,0.57092667,0.57092667,True,True,True,False,False,False,minchul/cvlface_adaface_ir50_webface4m,adaface_ir50_wf4m
483,Jon Gruden,41,41,Jon Gruden,0.5501197,0.5501197,True,True,True,False,False,False,minchul/cvlface_adaface_ir50_webface4m,adaface_ir50_wf4m
484,Carla Del Ponte,11,11,Carla Del Ponte,0.4321679,0.4321679,True,True,True,False,False,False,minchul/cvlface_adaface_ir50_webface4m,adaface_ir50_wf4m
485,Carla Del Ponte,11,92,Tung Chee-hwa,0.24188566,0.21474162,False,False,False,True,True,False,minchul/cvlface_adaface_ir50_webface4m,adaface_ir50_wf4m
486,Carla Del Ponte,11,11,Carla Del Ponte,0.27706245,0.27706245,True,True,True,False,False,False,minchul/cvlface_adaface_ir50_webface4m,adaface_ir50_wf4m
487,Carla Del Ponte,11,11,Carla Del Ponte,0.44426876,0.44426876,True,True,True,False,False,False,minchul/cvlface_adaface_ir50_webface4m,adaface_ir50_wf4m
488,Rubens Barrichello,78,37,Joe Lieberman,0.35265112,0.2233555,False,True,False,False,True,True,minchul/cvlface_adaface_ir50_webface4m,adaface_ir50_wf4m
489,Rubens Barrichello,78,78,Rubens Barrichello,0.5222583,0.5222583,True,True,True,False,False,False,minchul/cvlface_adaface_ir50_webface4m,adaface_ir50_wf4m
490,Rubens Barrichello,78,78,Rubens Barrichello,0.528849,0.528849,True,True,True,False,False,False,minchul/cvlface_adaface_ir50_webface4m,adaface_ir50_wf4m
491,Rubens Barrichello,78,78,Rubens Barrichello,0.32509115,0.32509115,True,True,True,False,False,False,minchul/cvlface_adaface_ir50_webface4m,adaface_ir50_wf4m
492,Rubens Barrichello,78,78,Rubens Barrichello,0.35500443,0.35500443,True,True,True,False,False,False,minchul/cvlface_adaface_ir50_webface4m,adaface_ir50_wf4m
493,Rubens Barrichello,78,78,Rubens Barrichello,0.3325049,0.3325049,True,True,True,False,False,False,minchul/cvlface_adaface_ir50_webface4m,adaface_ir50_wf4m
494,Rubens Barrichello,78,8,Brad Johnson,0.19845247,0.15643172,False,False,False,True,True,False,minchul/cvlface_adaface_ir50_webface4m,adaface_ir50_wf4m
495,Rubens Barrichello,78,78,Rubens Barrichello,0.25173014,0.25173014,True,False,False,True,False,False,minchul/cvlface_adaface_ir50_webface4m,adaface_ir50_wf4m
496,Pedro Almodovar,66,66,Pedro Almodovar,0.5506447,0.5506447,True,True,True,False,False,False,minchul/cvlface_adaface_ir50_webface4m,adaface_ir50_wf4m
497,Pedro Almodovar,66,66,Pedro Almodovar,0.4253115,0.4253115,True,True,True,False,False,False,minchul/cvlface_adaface_ir50_webface4m,adaface_ir50_wf4m
498,Pedro Almodovar,66,66,Pedro Almodovar,0.49603593,0.49603593,True,True,True,False,False,False,minchul/cvlface_adaface_ir50_webface4m,adaface_ir50_wf4m
499,Pedro Almodovar,66,20,David Nalbandian,0.2510271,-0.0042491816,False,False,False,True,True,False,minchul/cvlface_adaface_ir50_webface4m,adaface_ir50_wf4m
500,Pedro Almodovar,66,0,Abdullah Gul,0.32223725,0.29434863,False,True,False,False,True,True,minchul/cvlface_adaface_ir50_webface4m,adaface_ir50_wf4m
501,Pedro Almodovar,66,66,Pedro Almodovar,0.51274693,0.51274693,True,True,True,False,False,False,minchul/cvlface_adaface_ir50_webface4m,adaface_ir50_wf4m
502,Xavier Malisse,97,97,Xavier Malisse,0.6579485,0.6579485,True,True,True,False,False,False,minchul/cvlface_adaface_ir50_webface4m,adaface_ir50_wf4m
503,Xavier Malisse,97,97,Xavier Malisse,0.7269961,0.7269961,True,True,True,False,False,False,minchul/cvlface_adaface_ir50_webface4m,adaface_ir50_wf4m
504,Xavier Malisse,97,97,Xavier Malisse,0.6618397,0.6618397,True,True,True,False,False,False,minchul/cvlface_adaface_ir50_webface4m,adaface_ir50_wf4m
505,Xavier Malisse,97,97,Xavier Malisse,0.5466871,0.5466871,True,True,True,False,False,False,minchul/cvlface_adaface_ir50_webface4m,adaface_ir50_wf4m
506,Albert Costa,2,2,Albert Costa,0.38099903,0.38099903,True,True,True,False,False,False,minchul/cvlface_adaface_ir50_webface4m,adaface_ir50_wf4m
507,Albert Costa,2,2,Albert Costa,0.52357435,0.52357435,True,True,True,False,False,False,minchul/cvlface_adaface_ir50_webface4m,adaface_ir50_wf4m
508,Albert Costa,2,2,Albert Costa,0.66252065,0.66252065,True,True,True,False,False,False,minchul/cvlface_adaface_ir50_webface4m,adaface_ir50_wf4m
509,Albert Costa,2,2,Albert Costa,0.5270901,0.5270901,True,True,True,False,False,False,minchul/cvlface_adaface_ir50_webface4m,adaface_ir50_wf4m
510,Albert Costa,2,2,Albert Costa,0.5718922,0.5718922,True,True,True,False,False,False,minchul/cvlface_adaface_ir50_webface4m,adaface_ir50_wf4m
511,Susan Sarandon,85,85,Susan Sarandon,0.5363505,0.5363505,True,True,True,False,False,False,minchul/cvlface_adaface_ir50_webface4m,adaface_ir50_wf4m
512,Susan Sarandon,85,10,Calista Flockhart,0.2690136,0.2511673,False,True,False,False,True,True,minchul/cvlface_adaface_ir50_webface4m,adaface_ir50_wf4m
513,Susan Sarandon,85,85,Susan Sarandon,0.30373466,0.30373466,True,True,True,False,False,False,minchul/cvlface_adaface_ir50_webface4m,adaface_ir50_wf4m
514,Susan Sarandon,85,85,Susan Sarandon,0.3250942,0.3250942,True,True,True,False,False,False,minchul/cvlface_adaface_ir50_webface4m,adaface_ir50_wf4m
515,Susan Sarandon,85,10,Calista Flockhart,0.3199442,0.30340776,False,True,False,False,True,True,minchul/cvlface_adaface_ir50_webface4m,adaface_ir50_wf4m
516,Bob Graham,7,7,Bob Graham,0.52189946,0.52189946,True,True,True,False,False,False,minchul/cvlface_adaface_ir50_webface4m,adaface_ir50_wf4m
517,Bob Graham,7,7,Bob Graham,0.42102647,0.42102647,True,True,True,False,False,False,minchul/cvlface_adaface_ir50_webface4m,adaface_ir50_wf4m
518,Bob Graham,7,7,Bob Graham,0.5556606,0.5556606,True,True,True,False,False,False,minchul/cvlface_adaface_ir50_webface4m,adaface_ir50_wf4m
519,Bob Graham,7,7,Bob Graham,0.67349327,0.67349327,True,True,True,False,False,False,minchul/cvlface_adaface_ir50_webface4m,adaface_ir50_wf4m
520,Bob Graham,7,7,Bob Graham,0.42039007,0.42039007,True,True,True,False,False,False,minchul/cvlface_adaface_ir50_webface4m,adaface_ir50_wf4m
521,Nestor Kirchner,60,60,Nestor Kirchner,0.5018684,0.5018684,True,True,True,False,False,False,minchul/cvlface_adaface_ir50_webface4m,adaface_ir50_wf4m
522,Nestor Kirchner,60,60,Nestor Kirchner,0.36368078,0.36368078,True,True,True,False,False,False,minchul/cvlface_adaface_ir50_webface4m,adaface_ir50_wf4m
523,Nestor Kirchner,60,60,Nestor Kirchner,0.52477694,0.52477694,True,True,True,False,False,False,minchul/cvlface_adaface_ir50_webface4m,adaface_ir50_wf4m
524,Nestor Kirchner,60,60,Nestor Kirchner,0.39693314,0.39693314,True,True,True,False,False,False,minchul/cvlface_adaface_ir50_webface4m,adaface_ir50_wf4m
525,Nestor Kirchner,60,60,Nestor Kirchner,0.44067162,0.44067162,True,True,True,False,False,False,minchul/cvlface_adaface_ir50_webface4m,adaface_ir50_wf4m
526,Nestor Kirchner,60,60,Nestor Kirchner,0.39568776,0.39568776,True,True,True,False,False,False,minchul/cvlface_adaface_ir50_webface4m,adaface_ir50_wf4m
527,Nestor Kirchner,60,60,Nestor Kirchner,0.2631932,0.2631932,True,True,True,False,False,False,minchul/cvlface_adaface_ir50_webface4m,adaface_ir50_wf4m
528,Nestor Kirchner,60,60,Nestor Kirchner,0.50629777,0.50629777,True,True,True,False,False,False,minchul/cvlface_adaface_ir50_webface4m,adaface_ir50_wf4m
529,Victoria Clarke,93,27,Heidi Klum,0.23855136,0.23461457,False,False,False,True,True,False,minchul/cvlface_adaface_ir50_webface4m,adaface_ir50_wf4m
530,Victoria Clarke,93,55,Martha Stewart,0.3367105,0.29347548,False,True,False,False,True,True,minchul/cvlface_adaface_ir50_webface4m,adaface_ir50_wf4m
531,Victoria Clarke,93,9,Britney Spears,0.30820525,0.21050885,False,True,False,False,True,True,minchul/cvlface_adaface_ir50_webface4m,adaface_ir50_wf4m
532,Victoria Clarke,93,87,Tim Henman,0.2611592,0.2146468,False,True,False,False,True,True,minchul/cvlface_adaface_ir50_webface4m,adaface_ir50_wf4m
533,Chanda Rubin,14,14,Chanda Rubin,0.5619563,0.5619563,True,True,True,False,False,False,minchul/cvlface_adaface_ir50_webface4m,adaface_ir50_wf4m
534,Chanda Rubin,14,14,Chanda Rubin,0.5551228,0.5551228,True,True,True,False,False,False,minchul/cvlface_adaface_ir50_webface4m,adaface_ir50_wf4m
535,Chanda Rubin,14,14,Chanda Rubin,0.34007278,0.34007278,True,True,True,False,False,False,minchul/cvlface_adaface_ir50_webface4m,adaface_ir50_wf4m
536,Chanda Rubin,14,14,Chanda Rubin,0.57182604,0.57182604,True,True,True,False,False,False,minchul/cvlface_adaface_ir50_webface4m,adaface_ir50_wf4m
537,Sourav Ganguly,83,83,Sourav Ganguly,0.40396163,0.40396163,True,True,True,False,False,False,minchul/cvlface_adaface_ir50_webface4m,adaface_ir50_wf4m
538,Sourav Ganguly,83,83,Sourav Ganguly,0.4494533,0.4494533,True,True,True,False,False,False,minchul/cvlface_adaface_ir50_webface4m,adaface_ir50_wf4m
539,Sourav Ganguly,83,83,Sourav Ganguly,0.39445537,0.39445537,True,True,True,False,False,False,minchul/cvlface_adaface_ir50_webface4m,adaface_ir50_wf4m
540,Sourav Ganguly,83,83,Sourav Ganguly,0.2968784,0.2968784,True,True,True,False,False,False,minchul/cvlface_adaface_ir50_webface4m,adaface_ir50_wf4m
541,Jason Kidd,32,32,Jason Kidd,0.34314552,0.34314552,True,True,True,False,False,False,minchul/cvlface_adaface_ir50_webface4m,adaface_ir50_wf4m
542,Jason Kidd,32,32,Jason Kidd,0.41525137,0.41525137,True,True,True,False,False,False,minchul/cvlface_adaface_ir50_webface4m,adaface_ir50_wf4m
543,Jason Kidd,32,32,Jason Kidd,0.3571678,0.3571678,True,True,True,False,False,False,minchul/cvlface_adaface_ir50_webface4m,adaface_ir50_wf4m
544,Jason Kidd,32,93,Victoria Clarke,0.22315432,0.18727142,False,False,False,True,True,False,minchul/cvlface_adaface_ir50_webface4m,adaface_ir50_wf4m
545,Jason Kidd,32,32,Jason Kidd,0.38300592,0.38300592,True,True,True,False,False,False,minchul/cvlface_adaface_ir50_webface4m,adaface_ir50_wf4m
546,Jason Kidd,32,32,Jason Kidd,0.32850006,0.32850006,True,True,True,False,False,False,minchul/cvlface_adaface_ir50_webface4m,adaface_ir50_wf4m
547,Jason Kidd,32,32,Jason Kidd,0.27316758,0.27316758,True,True,True,False,False,False,minchul/cvlface_adaface_ir50_webface4m,adaface_ir50_wf4m
548,Jason Kidd,32,32,Jason Kidd,0.44612533,0.44612533,True,True,True,False,False,False,minchul/cvlface_adaface_ir50_webface4m,adaface_ir50_wf4m
549,Jiang Zemin,36,36,Jiang Zemin,0.6514685,0.6514685,True,True,True,False,False,False,minchul/cvlface_adaface_ir50_webface4m,adaface_ir50_wf4m
550,Jiang Zemin,36,36,Jiang Zemin,0.3646688,0.3646688,True,True,True,False,False,False,minchul/cvlface_adaface_ir50_webface4m,adaface_ir50_wf4m
551,Jiang Zemin,36,36,Jiang Zemin,0.44767326,0.44767326,True,True,True,False,False,False,minchul/cvlface_adaface_ir50_webface4m,adaface_ir50_wf4m
552,Jiang Zemin,36,36,Jiang Zemin,0.5871981,0.5871981,True,True,True,False,False,False,minchul/cvlface_adaface_ir50_webface4m,adaface_ir50_wf4m
553,Jiang Zemin,36,36,Jiang Zemin,0.74309313,0.74309313,True,True,True,False,False,False,minchul/cvlface_adaface_ir50_webface4m,adaface_ir50_wf4m
554,Jiang Zemin,36,36,Jiang Zemin,0.47529495,0.47529495,True,True,True,False,False,False,minchul/cvlface_adaface_ir50_webface4m,adaface_ir50_wf4m
555,Jiang Zemin,36,36,Jiang Zemin,0.53600526,0.53600526,True,True,True,False,False,False,minchul/cvlface_adaface_ir50_webface4m,adaface_ir50_wf4m
556,Jiang Zemin,36,36,Jiang Zemin,0.6887893,0.6887893,True,True,True,False,False,False,minchul/cvlface_adaface_ir50_webface4m,adaface_ir50_wf4m
557,Michael Chang,57,57,Michael Chang,0.50480646,0.50480646,True,True,True,False,False,False,minchul/cvlface_adaface_ir50_webface4m,adaface_ir50_wf4m
558,Michael Chang,57,57,Michael Chang,0.39270234,0.39270234,True,True,True,False,False,False,minchul/cvlface_adaface_ir50_webface4m,adaface_ir50_wf4m
559,Michael Chang,57,57,Michael Chang,0.3569828,0.3569828,True,True,True,False,False,False,minchul/cvlface_adaface_ir50_webface4m,adaface_ir50_wf4m
560,Michael Chang,57,57,Michael Chang,0.6679816,0.6679816,True,True,True,False,False,False,minchul/cvlface_adaface_ir50_webface4m,adaface_ir50_wf4m
561,Michael Chang,57,57,Michael Chang,0.5286027,0.5286027,True,True,True,False,False,False,minchul/cvlface_adaface_ir50_webface4m,adaface_ir50_wf4m
562,Michael Chang,57,57,Michael Chang,0.3956651,0.3956651,True,True,True,False,False,False,minchul/cvlface_adaface_ir50_webface4m,adaface_ir50_wf4m
563,Michael Chang,57,57,Michael Chang,0.5392086,0.5392086,True,True,True,False,False,False,minchul/cvlface_adaface_ir50_webface4m,adaface_ir50_wf4m
564,Ricardo Lagos,71,71,Ricardo Lagos,0.62414086,0.62414086,True,True,True,False,False,False,minchul/cvlface_adaface_ir50_webface4m,adaface_ir50_wf4m
565,Ricardo Lagos,71,71,Ricardo Lagos,0.56068933,0.56068933,True,True,True,False,False,False,minchul/cvlface_adaface_ir50_webface4m,adaface_ir50_wf4m
566,Ricardo Lagos,71,71,Ricardo Lagos,0.63480747,0.63480747,True,True,True,False,False,False,minchul/cvlface_adaface_ir50_webface4m,adaface_ir50_wf4m
567,Ricardo Lagos,71,71,Ricardo Lagos,0.6877204,0.6877204,True,True,True,False,False,False,minchul/cvlface_adaface_ir50_webface4m,adaface_ir50_wf4m
568,Ricardo Lagos,71,71,Ricardo Lagos,0.5552649,0.5552649,True,True,True,False,False,False,minchul/cvlface_adaface_ir50_webface4m,adaface_ir50_wf4m
569,Ricardo Lagos,71,71,Ricardo Lagos,0.5675844,0.5675844,True,True,True,False,False,False,minchul/cvlface_adaface_ir50_webface4m,adaface_ir50_wf4m
570,Ricardo Lagos,71,71,Ricardo Lagos,0.48243243,0.48243243,True,True,True,False,False,False,minchul/cvlface_adaface_ir50_webface4m,adaface_ir50_wf4m
571,Ricardo Lagos,71,71,Ricardo Lagos,0.65024805,0.65024805,True,True,True,False,False,False,minchul/cvlface_adaface_ir50_webface4m,adaface_ir50_wf4m
572,Lindsay Davenport,50,50,Lindsay Davenport,0.7039741,0.7039741,True,True,True,False,False,False,minchul/cvlface_adaface_ir50_webface4m,adaface_ir50_wf4m
573,Lindsay Davenport,50,50,Lindsay Davenport,0.7668335,0.7668335,True,True,True,False,False,False,minchul/cvlface_adaface_ir50_webface4m,adaface_ir50_wf4m
574,Lindsay Davenport,50,50,Lindsay Davenport,0.6198813,0.6198813,True,True,True,False,False,False,minchul/cvlface_adaface_ir50_webface4m,adaface_ir50_wf4m
575,Lindsay Davenport,50,50,Lindsay Davenport,0.7428148,0.7428148,True,True,True,False,False,False,minchul/cvlface_adaface_ir50_webface4m,adaface_ir50_wf4m
576,Lindsay Davenport,50,50,Lindsay Davenport,0.79032326,0.79032326,True,True,True,False,False,False,minchul/cvlface_adaface_ir50_webface4m,adaface_ir50_wf4m
577,Lindsay Davenport,50,50,Lindsay Davenport,0.61908126,0.61908126,True,True,True,False,False,False,minchul/cvlface_adaface_ir50_webface4m,adaface_ir50_wf4m
578,Lindsay Davenport,50,50,Lindsay Davenport,0.6161909,0.6161909,True,True,True,False,False,False,minchul/cvlface_adaface_ir50_webface4m,adaface_ir50_wf4m
579,Lindsay Davenport,50,50,Lindsay Davenport,0.47405535,0.47405535,True,True,True,False,False,False,minchul/cvlface_adaface_ir50_webface4m,adaface_ir50_wf4m
580,Heidi Klum,27,34,Jennifer Aniston,0.35330296,0.352282,False,True,False,False,True,True,minchul/cvlface_adaface_ir50_webface4m,adaface_ir50_wf4m
581,Heidi Klum,27,27,Heidi Klum,0.44213456,0.44213456,True,True,True,False,False,False,minchul/cvlface_adaface_ir50_webface4m,adaface_ir50_wf4m
582,Heidi Klum,27,27,Heidi Klum,0.45065588,0.45065588,True,True,True,False,False,False,minchul/cvlface_adaface_ir50_webface4m,adaface_ir50_wf4m
583,Heidi Klum,27,27,Heidi Klum,0.48860145,0.48860145,True,True,True,False,False,False,minchul/cvlface_adaface_ir50_webface4m,adaface_ir50_wf4m
584,David Nalbandian,20,20,David Nalbandian,0.46465108,0.46465108,True,True,True,False,False,False,minchul/cvlface_adaface_ir50_webface4m,adaface_ir50_wf4m
585,David Nalbandian,20,20,David Nalbandian,0.48577175,0.48577175,True,True,True,False,False,False,minchul/cvlface_adaface_ir50_webface4m,adaface_ir50_wf4m
586,David Nalbandian,20,20,David Nalbandian,0.4896171,0.4896171,True,True,True,False,False,False,minchul/cvlface_adaface_ir50_webface4m,adaface_ir50_wf4m
587,David Nalbandian,20,59,Natalie Maines,0.30905688,0.13969472,False,True,False,False,True,True,minchul/cvlface_adaface_ir50_webface4m,adaface_ir50_wf4m
588,David Nalbandian,20,20,David Nalbandian,0.46361205,0.46361205,True,True,True,False,False,False,minchul/cvlface_adaface_ir50_webface4m,adaface_ir50_wf4m
589,David Nalbandian,20,90,Tommy Haas,0.34638703,0.34493628,False,True,False,False,True,True,minchul/cvlface_adaface_ir50_webface4m,adaface_ir50_wf4m
590,David Nalbandian,20,20,David Nalbandian,0.57231826,0.57231826,True,True,True,False,False,False,minchul/cvlface_adaface_ir50_webface4m,adaface_ir50_wf4m
591,David Nalbandian,20,20,David Nalbandian,0.5291404,0.5291404,True,True,True,False,False,False,minchul/cvlface_adaface_ir50_webface4m,adaface_ir50_wf4m
592,Trent Lott,91,91,Trent Lott,0.5163544,0.5163544,True,True,True,False,False,False,minchul/cvlface_adaface_ir50_webface4m,adaface_ir50_wf4m
593,Trent Lott,91,91,Trent Lott,0.49599165,0.49599165,True,True,True,False,False,False,minchul/cvlface_adaface_ir50_webface4m,adaface_ir50_wf4m
594,Trent Lott,91,91,Trent Lott,0.49012277,0.49012277,True,True,True,False,False,False,minchul/cvlface_adaface_ir50_webface4m,adaface_ir50_wf4m
595,Trent Lott,91,91,Trent Lott,0.68117225,0.68117225,True,True,True,False,False,False,minchul/cvlface_adaface_ir50_webface4m,adaface_ir50_wf4m
596,Trent Lott,91,91,Trent Lott,0.48284686,0.48284686,True,True,True,False,False,False,minchul/cvlface_adaface_ir50_webface4m,adaface_ir50_wf4m
597,Trent Lott,91,91,Trent Lott,0.48397246,0.48397246,True,True,True,False,False,False,minchul/cvlface_adaface_ir50_webface4m,adaface_ir50_wf4m
598,Trent Lott,91,0,Abdullah Gul,0.27799746,0.23173311,False,True,False,False,True,True,minchul/cvlface_adaface_ir50_webface4m,adaface_ir50_wf4m
599,Trent Lott,91,91,Trent Lott,0.6512464,0.6512464,True,True,True,False,False,False,minchul/cvlface_adaface_ir50_webface4m,adaface_ir50_wf4m
600,Paul Martin,64,98,Yasser Arafat,0.34630597,0.29541957,False,True,False,False,True,True,minchul/cvlface_adaface_ir50_webface4m,adaface_ir50_wf4m
601,Paul Martin,64,64,Paul Martin,0.38712302,0.38712302,True,True,True,False,False,False,minchul/cvlface_adaface_ir50_webface4m,adaface_ir50_wf4m
602,Paul Martin,64,21,Edmund Stoiber,0.31048226,0.25711438,False,True,False,False,True,True,minchul/cvlface_adaface_ir50_webface4m,adaface_ir50_wf4m
603,Paul Martin,64,64,Paul Martin,0.51921517,0.51921517,True,True,True,False,False,False,minchul/cvlface_adaface_ir50_webface4m,adaface_ir50_wf4m
604,Paul Martin,64,64,Paul Martin,0.4472475,0.4472475,True,True,True,False,False,False,minchul/cvlface_adaface_ir50_webface4m,adaface_ir50_wf4m
605,Paul Martin,64,64,Paul Martin,0.45960313,0.45960313,True,True,True,False,False,False,minchul/cvlface_adaface_ir50_webface4m,adaface_ir50_wf4m
606,Paul Martin,64,64,Paul Martin,0.4402906,0.4402906,True,True,True,False,False,False,minchul/cvlface_adaface_ir50_webface4m,adaface_ir50_wf4m
607,Natalie Maines,59,59,Natalie Maines,0.36202538,0.36202538,True,True,True,False,False,False,minchul/cvlface_adaface_ir50_webface4m,adaface_ir50_wf4m
608,Natalie Maines,59,76,Roger Moore,0.25353009,0.23986208,False,False,False,True,True,False,minchul/cvlface_adaface_ir50_webface4m,adaface_ir50_wf4m
609,Natalie Maines,59,59,Natalie Maines,0.42277426,0.42277426,True,True,True,False,False,False,minchul/cvlface_adaface_ir50_webface4m,adaface_ir50_wf4m
610,Natalie Maines,59,59,Natalie Maines,0.298055,0.298055,True,True,True,False,False,False,minchul/cvlface_adaface_ir50_webface4m,adaface_ir50_wf4m
611,John Travolta,40,40,John Travolta,0.3260854,0.3260854,True,True,True,False,False,False,minchul/cvlface_adaface_ir50_webface4m,adaface_ir50_wf4m
612,John Travolta,40,40,John Travolta,0.43879798,0.43879798,True,True,True,False,False,False,minchul/cvlface_adaface_ir50_webface4m,adaface_ir50_wf4m
613,John Travolta,40,40,John Travolta,0.39164641,0.39164641,True,True,True,False,False,False,minchul/cvlface_adaface_ir50_webface4m,adaface_ir50_wf4m
614,John Travolta,40,40,John Travolta,0.46025473,0.46025473,True,True,True,False,False,False,minchul/cvlface_adaface_ir50_webface4m,adaface_ir50_wf4m
615,John Travolta,40,40,John Travolta,0.3905216,0.3905216,True,True,True,False,False,False,minchul/cvlface_adaface_ir50_webface4m,adaface_ir50_wf4m
616,John Travolta,40,8,Brad Johnson,0.3121759,0.25806957,False,True,False,False,True,True,minchul/cvlface_adaface_ir50_webface4m,adaface_ir50_wf4m
617,Roman Polanski,77,37,Joe Lieberman,0.31596458,0.19337091,False,True,False,False,True,True,minchul/cvlface_adaface_ir50_webface4m,adaface_ir50_wf4m
618,Roman Polanski,77,6,Binyamin Ben-Eliezer,0.18373065,0.03477402,False,False,False,True,True,False,minchul/cvlface_adaface_ir50_webface4m,adaface_ir50_wf4m
619,Roman Polanski,77,37,Joe Lieberman,0.3321246,0.29291856,False,True,False,False,True,True,minchul/cvlface_adaface_ir50_webface4m,adaface_ir50_wf4m
620,Roman Polanski,77,77,Roman Polanski,0.6038118,0.6038118,True,True,True,False,False,False,minchul/cvlface_adaface_ir50_webface4m,adaface_ir50_wf4m
621,Roman Polanski,77,77,Roman Polanski,0.4009202,0.4009202,True,True,True,False,False,False,minchul/cvlface_adaface_ir50_webface4m,adaface_ir50_wf4m
622,Justin Timberlake,44,44,Justin Timberlake,0.38515043,0.38515043,True,True,True,False,False,False,minchul/cvlface_adaface_ir50_webface4m,adaface_ir50_wf4m
623,Justin Timberlake,44,8,Brad Johnson,0.2502576,0.18760328,False,False,False,True,True,False,minchul/cvlface_adaface_ir50_webface4m,adaface_ir50_wf4m
624,Justin Timberlake,44,44,Justin Timberlake,0.40914482,0.40914482,True,True,True,False,False,False,minchul/cvlface_adaface_ir50_webface4m,adaface_ir50_wf4m
625,Justin Timberlake,44,44,Justin Timberlake,0.5640865,0.5640865,True,True,True,False,False,False,minchul/cvlface_adaface_ir50_webface4m,adaface_ir50_wf4m
626,Justin Timberlake,44,44,Justin Timberlake,0.33912358,0.33912358,True,True,True,False,False,False,minchul/cvlface_adaface_ir50_webface4m,adaface_ir50_wf4m
627,Justin Timberlake,44,44,Justin Timberlake,0.43683323,0.43683323,True,True,True,False,False,False,minchul/cvlface_adaface_ir50_webface4m,adaface_ir50_wf4m
628,Justin Timberlake,44,44,Justin Timberlake,0.44173437,0.44173437,True,True,True,False,False,False,minchul/cvlface_adaface_ir50_webface4m,adaface_ir50_wf4m
